id,alias,family,kind,status,grade,source_ids,artifact,pin,observation,why_discrepancy,investigation_role,case_role,exacerbates,do_not_claim
DISC-001,D1,lsdyna_handoff,version_label,active,A,SRC-121;SRC-116,wtc7_global_8a_no-conn-matl.k;Damage_Global_ANSYS_CaseB_4.0hr.k,master L7196437 vs supplied filename,Master comments Damage_Global_ANSYS_CaseB_4.1hr.k; supplied file is 4.0hr,Same set-2 delete hook; different hour label,compatible_versioning,named_missing_file,3.5_4.0_threshold,cherry_pick_or_fraud
DISC-002,D2,lsdyna_handoff,unused_companion,active,A,SRC-117;SRC-121,G6A_CaseA_El_Delete_List.k,set 1 unused; commented deletes use set 2,45152-shell CaseA delete list is not included,Case A filename in Case B package with no include,compatible_leftover,ask_what_set1_is,case_mix,hidden_fire_case
DISC-003,D3,lsdyna_thermal,named_absent,active,A,SRC-121;SRC-085,wtc7_global_8a_no-conn-matl.k L7196431; ANSYS Thermal Data.zip WTC7-1.int,commented WTC7-1.int vs live WTC7_CaseB_400pm.int,LS-DYNA master comments WTC7-1.int and includes CaseB 400pm. June zip has WTC7-1.int only as 184-193 byte ANSYS /input stubs,Commented LS-DYNA name is not the supplied LS-DYNA thermal field; the matching June filename is a different format,compatible_wrong_format,crosswalk_formats,fire_input_chain,absent_from_all_productions
DISC-004,D4,lsdyna_controls,live_vs_commented,active,A,SRC-121,wtc7_global_8a_no-conn-matl.k,CONTROL_TERMINATION 4.50; curve2 OFFA 6.5; damage commented,Live deck stops after gravity; thermal and damage are later/unused,Published sequence needs later stages this file does not activate,compatible_staging,not_a_results_release,SC02_handoff,nist_ran_only_gravity
DISC-005,D5,lsdyna_handoff,handoff,active,A,SRC-121;SRC-116,wtc7_global_8a; Damage_Global 4.0hr,no INITIAL_STRESS; DELETE set 2,Damage is an element-deletion list not residual ANSYS state,Report transfer is instantiated as deletion,compatible_numerical,handoff_category,SC03_deletion,they_deleted_the_building
DISC-006,D6,lsdyna_materials,category_boundary,active,B,SRC-121;SRC-120;SRC-116,no-conn-matl; elem_thick; 4.0hr list,filename vs part titles,no-conn-matl still has bolt/seat part names and Connection Shell/Beam delete labels,Released category is materials-removed not connections-omitted,contrary_to_all_hidden,segregability_boundary,connection_reproducibility,finding_invalid
DISC-007,D7,lsdyna_handoff,one_sided_control,active,B,SRC-116,Damage_Global_ANSYS_CaseB_4.0hr.k,4.0hr present; 3.5hr absent,Published collapse/no-collapse pair is still one-sided,3.5-hour control not in either production by filename,missing_control,ask_3.5hr_file,3.5_4.0_threshold,proof_threshold_was_tuned
DISC-008,D8,lsdyna_thermal,unmapped,active,C,SRC-118,WTC7_CaseB_400pm.int,TS 25.0-735.6; 114523 nodes >300,Unlabeled nodal temperatures vs NCSTAR column <300 C prose,Not a contradiction until nodes are mapped to members,not_yet_discrepancy,none,fire_temperature_claim,column_overheat
DISC-009,D9,lsdyna_handoff,prescribed_edit,active,A,SRC-116,Damage_Global_ANSYS_CaseB_4.0hr.k,comment Beams to decouple E&W Penthouse,Six beams labeled for penthouse decoupling,Named prescribed edit in the damage list,compatible_either_way,sensitivity_target,SC09_penthouse,demolition_cue
DISC-010,D10,production,production_identity,active,D,SRC-116-121;EXH-014,six Sept inputs vs Fletcher para 36,count 6; no hash crosswalk,Category and count match 2010 releasable inputs; bytes unproven,Resemblance is not historical identity,compatible_2010_story,ask_2010_crosswalk,june_omission,forgery
DISC-011,,ansys_apdl,version_label,active,A,SRC-084,3_LOADS AND SOLU_15AUG07_0.25LL-names_redacted.apdl L4 L15-16,/INPUT 16JUL07 and 19JUL07_3 vs released 15AUG07 and 22AUG07; L4 Start modifications 30JUL07,Loads deck names older geometry filenames than the two APDL files delivered beside it and carries a 30JUL07 modification banner,Same class as 4.1 vs 4.0: live include name != delivered basename,compatible_versioning,named_missing_or_renamed,runnable_set,geometry_secretly_swapped
DISC-012,,ansys_apdl,named_absent,active,A,SRC-084,3_LOADS AND SOLU_15AUG07_0.25LL-names_redacted.apdl L4275-4280,/INPUT FL7-LOAD1 through FL2-LOAD1,Six floor-load APDL includes are not in the June extract,Named dependencies absent from the released 16-story load deck,compatible_incomplete_deck,named_missing_file,runnable_set,hidden_on_purpose
DISC-013,,ansys_thermal,case_mix,active,A,SRC-085,ANSYS Thermal Data.zip CaseB_Temps/INTFILES+10%14SEP07,folder label +10% 14SEP07; 400-member B/A sample,Case B thermal tree is labeled plus-10-percent and dated; Case A and C are flat unlabeled .int trees. A 400-file shared-member sample is not a uniform 1.10 scale of Case A (207 near 1.0; 139 in 1.02-1.08; 54 in 1.08-1.12). A and C also differ,Variant label without a matching A/C plus-10 tree or a 0-percent Case B control; the label is not a demonstrated global multiplier,compatible_sensitivity_label,ask_what_plus10_means,fire_input_chain,proof_of_10pct_overheat
DISC-014,,production,count,active,B,SRC-085;EXH-014,ANSYS Thermal Data.zip CaseB_Temps,8906=8364 shared ints + 96 SLNo + 173 nod + 272 png + mover vs Fletcher 8910,Case B composition and count differ from Case A/C and from the 2010 Case B input count,Four-file Case B difference already in the production memo; mixed-type extras now named,compatible_packaging,reconcile_case_b_count,june_vs_2010,seven_specific_missing_files
DISC-015,,ansys_thermal,live_vs_commented,active,A,SRC-085,CaseA/B/C all 12 WTC7-N.int drivers,Fl07 /input in hours 1-12,Case A and Case B comment out Floor 07 in every hour-step driver; Case C includes it. All three pull Fl08-14 including 11 and 13,Same driver name; different live floor set; Fl11/13 are the substituted-history floors,compatible_case_difference,none_until_mapped,floor_11_13_substitution,interior_fire_erased
DISC-016,,production,named_absent,active,A,SRC-029;SRC-084;SRC-115,SRC-029 letter p.1 vs June extract vs Sept six files,letter names 47-story LS-DYNA inputs,June letter (EML PDF attachment now extracted) names 16-story gravity ANSYS; 3 temperature sets; and 47-story LS-DYNA inputs. June extract had no identifiable LS-DYNA keyword inputs; NIST later released six and acknowledged the omission,Delivery did not match the June description; later cured for these six,compatible_omission,historical_omission_plus_crosswalk,DISC-010,bad_faith
DISC-017,,presentations,handoff,active,A,SRC-084,WTC-7 LSDYNA Modeling Update 04Jan08-1.ppt,Apply ANSYS model damage instantaneously after temperature application,January 2008 slides prescribe the same later instantaneous damage step the Sept deck comments,Slide text and keyword hooks agree; neither is a residual-state transfer,compatible_documented_method,supports_handoff_particularity,DISC-004;DISC-005,secret_undocumented_trick
DISC-018,,presentations,handoff,active,A,SRC-084,WTC-7 LSDYNA Modeling Update 04Jan08-1.ppt,Delete elements to eliminate support of bending & torsional loads maintain mass,Slides specify deletion that keeps mass while removing bending/torsion support,Matches 4.0hr list labels (connection/buckled shells) and SC03,compatible_documented_method,supports_deletion_particularity,DISC-005;SC03,massless_vanishing
DISC-019,,presentations,category_boundary,active,B,SRC-084;SRC-121,WTC 7 Modeling Issues_050609.pptx vs no-conn-matl,LS-DYNA detailed modeling of connections,May 2009 slides describe detailed LS-DYNA connection models; released deck is no-conn-matl with bulk MAT 24,Public slide category vs released-file category,compatible_withholding_story,segregability_and_finding_fit,DISC-006,slides_prove_release_of_connection_materials
DISC-020,,ansys_apdl,prescribed_edit,active,A,SRC-084,1 Floor_8-16_15AUG07.apdl L4180 L4221,!Delete column elements below floor,16-story geometry deck comments column-element deletion below floor,Same deletion class as the LS-DYNA set-2 list; here in ANSYS,compatible_numerical,none,DISC-005,column_79_removed_here
DISC-021,,ansys_apdl,live_vs_commented,active,B,SRC-084,3_LOADS AND SOLU_15AUG07_0.25LL-names_redacted.apdl,title Gravity Analysis; 0.25LL; names redacted,Released 16-story loads file is a 25-percent live-load gravity deck with redacted names,Not the fire/damage 16-story connection model; title matches gravity-stage LS-DYNA,compatible_stage,do_not_call_this_the_collapse_ansys_run,DISC-004,full_live_load_hidden
DISC-022,,lsdyna_thermal,named_absent,active,A,SRC-118;SRC-085,WTC7_CaseB_400pm.int vs thermal zip names,no 400pm member,The live LS-DYNA thermal filename does not appear in the June thermal zip,Two different Case B thermal representations; no filename join,compatible_different_solver,ask_for_handoff_map,DISC-003;DISC-013,thermal_files_were_never_released
DISC-023,,presentations,unmapped,active,C,SRC-084;SRC-118,Modeling Issues pptx detailed thermal slide vs 400pm field,200-300 C girder/C79/connection gradients vs nodal TS to 735.6,Slide cites 200-300 C gradients at C79/connections; LS-DYNA field has many hotter unlabeled nodes,Cannot score as mismatch without member map,not_yet_discrepancy,none,DISC-008,nist_exceeded_its_own_temps
DISC-024,,ansys_thermal,count,active,A,SRC-085,ANSYS Thermal Data.zip floor-prefix census,A/C Fl07/09/11/13=72 vs Fl08/10/12/14=2016,Floors 7/9/11/13 are 12-hour Core/SLAB driver trees; floors 8/10/12/14 add member-level 1C/2C files,Two file-class densities in one zip; Fl11/13 match the thin class,compatible_case_difference,none_until_mapped,floor_11_13_substitution,interior_fire_erased
DISC-025,,ansys_apdl,version_label,active,A,SRC-084,2 Floor_GR_TO_7-22AUG07.apdl L3,filename 22AUG07 vs comment 15 August 07,Ground-to-7 deck filename and its own header date disagree,Same class as July-vs-August includes,compatible_versioning,named_missing_or_renamed,DISC-011,geometry_secretly_swapped
DISC-026,,ansys_thermal,case_mix,active,A,SRC-085,CaseB INTFILES WTC7-Fl07-1.int vs CaseA/C WTC7-Fl07-1.int,Case B live /input WTC7-Fl07-SLNo-1.int,Case B drivers include 96 SLNo files (8 floors x 12 hours) that A/C neither include nor contain,Extra live thermal class only in the +10% tree,compatible_sensitivity_label,ask_what_slno_means,DISC-013,hidden_fire_case
DISC-027,,ansys_thermal,unused_companion,active,A,SRC-085,CaseB_Temps/INTFILES+10%14SEP07/mover,148-byte shell script,Case B delivers a mover script that relocates Fl07-Fl14 then remaining .int files; no APDL or LS-DYNA include names it,Packaging leftover not in the thermal /input graph,compatible_leftover,none,DISC-014,destruction_of_evidence
DISC-028,,presentations,category_boundary,active,B,SRC-030;SRC-084,Draft 2 8.a.i vs 15AUG07 APDL delete steps,does not include the connection models,Draft 2 describes the releasable 16-story ANSYS as without connection models; the delivered gravity APDL still has column-element delete/copy steps,Category label vs inspectable geometry edits,compatible_withholding_story,segregability_and_finding_fit,DISC-020;DISC-021,finding_invalid
DISC-029,,ansys_thermal,named_absent,active,A,SRC-085,ANSYS Thermal Data.zip WTC7-Fl08-1C137-2.int,Case B 328 NUL bytes; A/C are BF TEMP cards,Case B member is all-NUL; Case A (327 B) and Case C (328 B) are ordinary BF TEMP text for the same basename,Same name/role; Case B temperatures for this member are not present as text,compatible_packaging,ask_for_readable_copy,DISC-013,destroyed_on_purpose
