source_start,source_end,pre_delivery_start,pre_delivery_end,source_block_sha256,disposition,reason,digest_items,supplement_id,supplement_sha256,acknowledgment
1,1,,,bca852d810c258479c7b4e7d4c54f04edb0314d27447452b52c42f9600f9cdfb,not_retransmitted,administrative_or_delivery_history,"",,,
3,3,,,99f433b51da41e6950938fd83f04c4ecbb6e9fdc39dfffa30a343af916ee6c68,not_retransmitted,administrative_or_delivery_history,"",,,
5,5,,,bcaad4fe92a56ea9ccea45a500c276d0a535d6b4ab176e56bacdcee7cb20c820,not_retransmitted,administrative_or_delivery_history,"",,,
7,7,,,c7c75dce6b00a01e1cd6df83d9163eab882b76ebb119b2804eee26370bb1e86a,not_retransmitted,administrative_or_delivery_history,"",,,
9,10,,,d494f493559ed98d8ef62aa5ec23180baf4f3d0d29784d9454f66c097dc50601,not_retransmitted,administrative_or_delivery_history,"",,,
12,12,,,4b2b9955ef53a9a77803fb2a979f95462fcf1a86debe1fc3e8828d5e6fae49cb,not_retransmitted,administrative_or_delivery_history,"",,,
14,17,,,e9e084b0fb9c7b2d8848d085207f2e43e7e2d9fd4b4b40469443839edc5b0ffe,not_retransmitted,administrative_or_delivery_history,"",,,
19,20,,,022203967a25899d086281b3450028f6d0442bee975b1f3e329d26af2642260f,not_retransmitted,administrative_or_delivery_history,"",,,
22,35,9,22,a09be25bc3c77d85df0facc1655824b6062ce62bdc0b2fb0a070ca4f27059a8b,technical_detail_retained_in_draft_annex,,1;4,FBR-001,a09be25bc3c77d85df0facc1655824b6062ce62bdc0b2fb0a070ca4f27059a8b,not_sent_or_acknowledged
37,50,24,37,606db8a91ef9edd463fabb189e68a347bce4248619025121ece5dbd0ec626673,technical_detail_retained_in_draft_annex,,5,FBR-002,606db8a91ef9edd463fabb189e68a347bce4248619025121ece5dbd0ec626673,not_sent_or_acknowledged
52,66,39,53,a19f722530890c838c76ae68ca68663dfb3f5bb8ebbde3b134f65c5e58a5ae7b,technical_detail_retained_in_draft_annex,,5;6,FBR-003,a19f722530890c838c76ae68ca68663dfb3f5bb8ebbde3b134f65c5e58a5ae7b,not_sent_or_acknowledged
68,78,55,65,d84e3cb12f0d80486d8a9efa880716ea818162167cc64a537110987f13b23766,technical_detail_retained_in_draft_annex,,10;23,FBR-004,d84e3cb12f0d80486d8a9efa880716ea818162167cc64a537110987f13b23766,not_sent_or_acknowledged
80,87,67,74,e83d99f2a9531da0e4d1433c8364dc8ebc2d2480a581d2de1f38bf0322023fe0,technical_detail_retained_in_draft_annex,,10,FBR-005,e83d99f2a9531da0e4d1433c8364dc8ebc2d2480a581d2de1f38bf0322023fe0,not_sent_or_acknowledged
89,100,76,87,156f574ed5ca3b44fc58f34abd1b6a42285d406ec8baa7e56cae06a01cb7b810,technical_detail_retained_in_draft_annex,,12;13,FBR-006,156f574ed5ca3b44fc58f34abd1b6a42285d406ec8baa7e56cae06a01cb7b810,not_sent_or_acknowledged
102,110,89,97,16aba29d97bb24698ccea3e08a2c562034fa6c7b2b4913e7d1d794720e660d5c,technical_detail_retained_in_draft_annex,,12,FBR-007,16aba29d97bb24698ccea3e08a2c562034fa6c7b2b4913e7d1d794720e660d5c,not_sent_or_acknowledged
112,121,99,108,d74b3f13e383265199da69381caadfcce632542425b1fad046965e590542b21c,technical_detail_retained_in_draft_annex,,6;12,FBR-008,d74b3f13e383265199da69381caadfcce632542425b1fad046965e590542b21c,not_sent_or_acknowledged
123,133,110,120,75045bd96f70800b8b75e37a507e1c70e7b4d2d7ba602d83eea838ddd2f7e19d,technical_detail_retained_in_draft_annex,,12,FBR-009,75045bd96f70800b8b75e37a507e1c70e7b4d2d7ba602d83eea838ddd2f7e19d,not_sent_or_acknowledged
135,147,122,134,5cc46e764ef6940a02516bc062dbeea4ba59800bb52297cac3d14f53e59a25b6,technical_detail_retained_in_draft_annex,,10;19,FBR-010,5cc46e764ef6940a02516bc062dbeea4ba59800bb52297cac3d14f53e59a25b6,not_sent_or_acknowledged
149,155,136,142,699526925654b2e424b16bcd83fd6b4d89f46569933f09efcbf57c8d794a863f,technical_detail_retained_in_draft_annex,,5,FBR-011,699526925654b2e424b16bcd83fd6b4d89f46569933f09efcbf57c8d794a863f,not_sent_or_acknowledged
157,164,144,151,3995c77b4f5d8251117abc3d77fdce469a13ccd32bd9214f8152b74d5e329991,technical_detail_retained_in_draft_annex,,6,FBR-012,3995c77b4f5d8251117abc3d77fdce469a13ccd32bd9214f8152b74d5e329991,not_sent_or_acknowledged
166,172,153,159,9b01b0c1dcc0be45f8121be73ccfd1438c3799a79d8a4304df7c560da3924776,technical_detail_retained_in_draft_annex,,6;10,FBR-013,9b01b0c1dcc0be45f8121be73ccfd1438c3799a79d8a4304df7c560da3924776,not_sent_or_acknowledged
174,179,161,166,a9fd20aa5b6a9babc62b0aab2878b24d0e97757066be4ee10ef0342d73f1a43b,technical_detail_retained_in_draft_annex,,10;11,FBR-014,a9fd20aa5b6a9babc62b0aab2878b24d0e97757066be4ee10ef0342d73f1a43b,not_sent_or_acknowledged
181,189,168,176,9a4a32683d50afe6164471b7a358d289f6ceb3a9ffdb43c9bfe1a2c93b443f99,technical_detail_retained_in_draft_annex,,6,FBR-015,9a4a32683d50afe6164471b7a358d289f6ceb3a9ffdb43c9bfe1a2c93b443f99,not_sent_or_acknowledged
191,198,178,185,1baa1cb447ff08c1b0742c568dac8e953109f44ad10bd1ec4d0a79103cf5598f,technical_detail_retained_in_draft_annex,,12;13,FBR-016,1baa1cb447ff08c1b0742c568dac8e953109f44ad10bd1ec4d0a79103cf5598f,not_sent_or_acknowledged
200,209,187,196,5993def8331eb391abcc94c99ea9def516e18d7062b03751da90f57dfe7bce75,technical_detail_retained_in_draft_annex,,10;12,FBR-017,5993def8331eb391abcc94c99ea9def516e18d7062b03751da90f57dfe7bce75,not_sent_or_acknowledged
211,221,198,208,a96f9de830debc3950dec7afdbaad4acf71ff852f186c85ccba570c3ffdae801,technical_detail_retained_in_draft_annex,,13,FBR-018,a96f9de830debc3950dec7afdbaad4acf71ff852f186c85ccba570c3ffdae801,not_sent_or_acknowledged
223,232,210,219,307128702e897ace2d0345235d2ae00b5ae9f55735eea4396844fa30d353b22a,technical_detail_retained_in_draft_annex,,12,FBR-019,307128702e897ace2d0345235d2ae00b5ae9f55735eea4396844fa30d353b22a,not_sent_or_acknowledged
234,247,221,234,049fbb4c637c039813c267507b3601031b4dea04ea392092546c7c3aff603535,technical_detail_retained_in_draft_annex,,12;21,FBR-020,049fbb4c637c039813c267507b3601031b4dea04ea392092546c7c3aff603535,not_sent_or_acknowledged
249,258,236,245,f27a173b792ebe5ad429dfc26ea057d9027a800ff616672902e558a456638dc5,technical_detail_retained_in_draft_annex,,24,FBR-021,f27a173b792ebe5ad429dfc26ea057d9027a800ff616672902e558a456638dc5,not_sent_or_acknowledged
260,270,247,257,ee5972f1855a506e2b769f02e31aa19ca2b1093450986dffa8e37a4f21561ea9,technical_detail_retained_in_draft_annex,,24,FBR-022,ee5972f1855a506e2b769f02e31aa19ca2b1093450986dffa8e37a4f21561ea9,not_sent_or_acknowledged
272,279,259,266,8b772d9842d631b5afd0c97ed70b8065b1386fa6a54682219f2ea6b89d01ac9b,technical_detail_retained_in_draft_annex,,13,FBR-023,8b772d9842d631b5afd0c97ed70b8065b1386fa6a54682219f2ea6b89d01ac9b,not_sent_or_acknowledged
281,290,268,277,0f7d2852b6d9d0b30f3e2ca03b9a9b304b9d0d73a69fdf4b0935b527a21ede85,technical_detail_retained_in_draft_annex,,13,FBR-024,0f7d2852b6d9d0b30f3e2ca03b9a9b304b9d0d73a69fdf4b0935b527a21ede85,not_sent_or_acknowledged
292,306,279,293,849c1ba0a19de014657e265be40aa3db54e1edd253a1d2af7259b2cdd551f252,technical_detail_retained_in_draft_annex,,13,FBR-025,849c1ba0a19de014657e265be40aa3db54e1edd253a1d2af7259b2cdd551f252,not_sent_or_acknowledged
308,315,295,302,a7392051a1a2ac7776da62c5aa5cf687336942422e96964342f1a6d0fb9eaf52,technical_detail_retained_in_draft_annex,,24,FBR-026,a7392051a1a2ac7776da62c5aa5cf687336942422e96964342f1a6d0fb9eaf52,not_sent_or_acknowledged
317,328,304,315,51b1b8d8b013ea7bde584f77778282e950d1eceb18211c73f76182402ff6788d,technical_detail_retained_in_draft_annex,,13;24,FBR-027,51b1b8d8b013ea7bde584f77778282e950d1eceb18211c73f76182402ff6788d,not_sent_or_acknowledged
330,341,317,328,d8bc1b5194818143d9c5d80675d9223e22500290c8c51ff7ec50aa47b7aa41c1,technical_detail_retained_in_draft_annex,,6;12,FBR-028,d8bc1b5194818143d9c5d80675d9223e22500290c8c51ff7ec50aa47b7aa41c1,not_sent_or_acknowledged
343,351,330,338,372112f7f96e5abf4eb88e7c3b6ad64e8e44fe034dacc316194922fae0b574ba,technical_detail_retained_in_draft_annex,,12,FBR-029,372112f7f96e5abf4eb88e7c3b6ad64e8e44fe034dacc316194922fae0b574ba,not_sent_or_acknowledged
353,365,340,352,8579e828b47441d1941084e8857e854343d95809df69cd555b4b0a6fd4462726,technical_detail_retained_in_draft_annex,,12,FBR-030,8579e828b47441d1941084e8857e854343d95809df69cd555b4b0a6fd4462726,not_sent_or_acknowledged
367,377,354,364,76eda7f74cab2d9353d132487e397576626af8415feb3a87b1d73b27441d76d5,technical_detail_retained_in_draft_annex,,23,FBR-031,76eda7f74cab2d9353d132487e397576626af8415feb3a87b1d73b27441d76d5,not_sent_or_acknowledged
379,389,366,376,bb6dc0362c79b2e04ba05ca7adf1f5f04ce098636bba21c4f03a2266e76066c2,technical_detail_retained_in_draft_annex,,23,FBR-032,bb6dc0362c79b2e04ba05ca7adf1f5f04ce098636bba21c4f03a2266e76066c2,not_sent_or_acknowledged
391,399,378,386,3d6d42f863ed471d49ac5854789cb7ae30c191d82cd83264eb8af3c0dc1c7377,technical_detail_retained_in_draft_annex,,21,FBR-033,3d6d42f863ed471d49ac5854789cb7ae30c191d82cd83264eb8af3c0dc1c7377,not_sent_or_acknowledged
401,409,388,396,1badca8f5fa6cd8996fa3d9d74593bc3954af676187c53f8b6eadd13ea4d3915,technical_detail_retained_in_draft_annex,,21,FBR-034,1badca8f5fa6cd8996fa3d9d74593bc3954af676187c53f8b6eadd13ea4d3915,not_sent_or_acknowledged
411,428,398,415,e8e8e3d33ef2ec61c50569f1487fb0dd32a8ddf8ae34652f9aedee2942cb8568,technical_detail_retained_in_draft_annex,,21,FBR-035,e8e8e3d33ef2ec61c50569f1487fb0dd32a8ddf8ae34652f9aedee2942cb8568,not_sent_or_acknowledged
430,434,417,421,fb5e90a6705fd52143f49e64648693c6e731c9a5d949e4db91291906123c4cc7,not_retransmitted,administrative_or_delivery_history,"",,,
436,450,423,437,16fdb157298c16a8c5cbd4e7332fb955f317159922d773756007e07bf14764e6,technical_detail_retained_in_draft_annex,,10;11;24,FBR-036,16fdb157298c16a8c5cbd4e7332fb955f317159922d773756007e07bf14764e6,not_sent_or_acknowledged
452,458,439,445,dadd1b152bd305806cf5247da3f82d9e43f8cc19e344f33b3b888b1a98c7e017,not_retransmitted,administrative_or_delivery_history,"",,,
460,460,447,447,1783caf5e2365fa24cf57196edf6f937e8db9505d4ec9109d46042bfd7963c23,technical_detail_retained_in_draft_annex,,26,FBR-037,1783caf5e2365fa24cf57196edf6f937e8db9505d4ec9109d46042bfd7963c23,not_sent_or_acknowledged
462,477,449,464,54d547a2ad313e5c306d4f933f008a07cb2913b44eaeaf6ea3fbe54311d3bb10,technical_detail_retained_in_draft_annex,,1;17,FBR-038,54d547a2ad313e5c306d4f933f008a07cb2913b44eaeaf6ea3fbe54311d3bb10,not_sent_or_acknowledged
479,483,466,470,fe00a0bf794b9cb8679786906a765626d912f932a34391a63abf37c1c502a624,not_retransmitted,administrative_or_delivery_history,"",,,
485,498,472,485,7406439a9ba2b420340198daf1d9c38b41a95c1ae0a43111cbfef646615382b6,technical_detail_retained_in_draft_annex,,3;22,FBR-039,7406439a9ba2b420340198daf1d9c38b41a95c1ae0a43111cbfef646615382b6,not_sent_or_acknowledged
500,510,487,497,5fa5df8f912bbc0152381689faaf85c2f31418bcbd30b70958a948cc52550593,technical_detail_retained_in_draft_annex,,1;3;21,FBR-040,5fa5df8f912bbc0152381689faaf85c2f31418bcbd30b70958a948cc52550593,not_sent_or_acknowledged
512,521,499,508,6be5e56080d3be07b347b91114fe4c185cc671cc1497d39a4ac201165615e8a4,technical_detail_retained_in_draft_annex,,2,FBR-041,6be5e56080d3be07b347b91114fe4c185cc671cc1497d39a4ac201165615e8a4,not_sent_or_acknowledged
523,529,510,516,ac1c7bc87ebf5a7c8644c74c04bce903b77b4224444cc11c0f394bc43865f7e1,technical_detail_retained_in_draft_annex,,2,FBR-042,ac1c7bc87ebf5a7c8644c74c04bce903b77b4224444cc11c0f394bc43865f7e1,not_sent_or_acknowledged
531,540,518,527,af5aafbc6177797d6fa319262cb530bd6d2ffefe5a5e7761e0be46e93735a0c3,technical_detail_retained_in_draft_annex,,3,FBR-043,af5aafbc6177797d6fa319262cb530bd6d2ffefe5a5e7761e0be46e93735a0c3,not_sent_or_acknowledged
542,552,529,539,300022c855ccc2726edc4395de8d3ce3fcfa8a31f1287bdc50547af6c7434744,technical_detail_retained_in_draft_annex,,2;3,FBR-044,300022c855ccc2726edc4395de8d3ce3fcfa8a31f1287bdc50547af6c7434744,not_sent_or_acknowledged
554,562,541,549,8fdb9ec0a6f7a06f0d961b1a75bf1bdd5d0da714faa0d4c6fc2684b99f306212,technical_detail_retained_in_draft_annex,,2;3;8,FBR-045,8fdb9ec0a6f7a06f0d961b1a75bf1bdd5d0da714faa0d4c6fc2684b99f306212,not_sent_or_acknowledged
564,570,551,557,3dfb90369a97666dac8df0b2fac07658ab66ede31c77475163f11dee0eac7367,technical_detail_retained_in_draft_annex,,2;3;22,FBR-046,3dfb90369a97666dac8df0b2fac07658ab66ede31c77475163f11dee0eac7367,not_sent_or_acknowledged
572,580,559,567,d7af6106151217045148c29621948c0a444e146995e285cdac0cbe7da43156fa,technical_detail_retained_in_draft_annex,,3;19,FBR-047,d7af6106151217045148c29621948c0a444e146995e285cdac0cbe7da43156fa,not_sent_or_acknowledged
582,588,569,575,0451ca15d5a131fe1be28f8b19f648d6088af2d5692852042648b4c91d1b0504,technical_detail_retained_in_draft_annex,,3;22,FBR-048,0451ca15d5a131fe1be28f8b19f648d6088af2d5692852042648b4c91d1b0504,not_sent_or_acknowledged
590,603,577,590,4219c7adbc3a1f010146f061b7046aaf323510c517fe320af50c861cdd4297d7,technical_detail_retained_in_draft_annex,,20,FBR-049,4219c7adbc3a1f010146f061b7046aaf323510c517fe320af50c861cdd4297d7,not_sent_or_acknowledged
605,617,592,604,a385ac63b5bf2207c7755826fa3a3a4ee9f39b69c3074bf99748649c76658401,technical_detail_retained_in_draft_annex,,19;20,FBR-050,a385ac63b5bf2207c7755826fa3a3a4ee9f39b69c3074bf99748649c76658401,not_sent_or_acknowledged
619,626,606,613,c38778576d18ce565dc0cd8e62af24a6f61fbcc68a5fe62eca752dbcafeb1ee1,technical_detail_retained_in_draft_annex,,19;20,FBR-051,c38778576d18ce565dc0cd8e62af24a6f61fbcc68a5fe62eca752dbcafeb1ee1,not_sent_or_acknowledged
628,635,615,622,db5746656e4c610f0037bd5297453cb70533ba16fd561838cd82950ef75bc4dd,technical_detail_retained_in_draft_annex,,19;22,FBR-052,db5746656e4c610f0037bd5297453cb70533ba16fd561838cd82950ef75bc4dd,not_sent_or_acknowledged
637,645,624,632,ef620366f6c5eb6145dcaa73ec1f37ce4b91e670076918f5cdf1cfe7c47ad27b,technical_detail_retained_in_draft_annex,,19,FBR-053,ef620366f6c5eb6145dcaa73ec1f37ce4b91e670076918f5cdf1cfe7c47ad27b,not_sent_or_acknowledged
647,658,634,645,9d66cc90b318e9ca10d5746c19e6e7bedf9eba1bd32976e79882ae9c60a9d21b,technical_detail_retained_in_draft_annex,,19,FBR-054,9d66cc90b318e9ca10d5746c19e6e7bedf9eba1bd32976e79882ae9c60a9d21b,not_sent_or_acknowledged
660,667,647,654,2bb80d047729613d4b4e6dfcbd4ecfdc1363aa9c8b2a7afdcb2a3ce2b4149746,technical_detail_retained_in_draft_annex,,19,FBR-055,2bb80d047729613d4b4e6dfcbd4ecfdc1363aa9c8b2a7afdcb2a3ce2b4149746,not_sent_or_acknowledged
669,678,656,665,55a386ced65b5c62f6b1d5c433891c512fe13b626d3e42a9ebdbc5f53ac54ba4,technical_detail_retained_in_draft_annex,,4;5,FBR-056,55a386ced65b5c62f6b1d5c433891c512fe13b626d3e42a9ebdbc5f53ac54ba4,not_sent_or_acknowledged
680,685,667,672,59c6e16759ba5f913ed20854764fa22f889c52a32679cdbc2f77809230977618,technical_detail_retained_in_draft_annex,,5,FBR-057,59c6e16759ba5f913ed20854764fa22f889c52a32679cdbc2f77809230977618,not_sent_or_acknowledged
687,695,674,682,e395af2c835dfce1df3e55a9fb9ba169aac1ce25d02c11c036569746821dee85,technical_detail_retained_in_draft_annex,,5,FBR-058,e395af2c835dfce1df3e55a9fb9ba169aac1ce25d02c11c036569746821dee85,not_sent_or_acknowledged
697,712,684,699,2c478b6372be2639a8df477bb2137bed15200cfecba33c015876bc5f394ffa3c,technical_detail_retained_in_draft_annex,,4;10;24;26,FBR-059,2c478b6372be2639a8df477bb2137bed15200cfecba33c015876bc5f394ffa3c,not_sent_or_acknowledged
714,723,701,710,0fd63ec33c9c61b385dcee4def7867d67f343291066ea2cec0fe2a0204e49b03,technical_detail_retained_in_draft_annex,,26,FBR-060,0fd63ec33c9c61b385dcee4def7867d67f343291066ea2cec0fe2a0204e49b03,not_sent_or_acknowledged
725,733,712,720,721433760cbbd4a70c3890948723ecb8d64b3413b4aedecb3fe776c797737db0,technical_detail_retained_in_draft_annex,,4;25,FBR-061,721433760cbbd4a70c3890948723ecb8d64b3413b4aedecb3fe776c797737db0,not_sent_or_acknowledged
735,749,722,736,6546c6f5f596a9efd70ae5ac02cf16b6b39c67bb4ef7990df26aea0b44bbabae,technical_detail_retained_in_draft_annex,,8;23;25,FBR-062,6546c6f5f596a9efd70ae5ac02cf16b6b39c67bb4ef7990df26aea0b44bbabae,not_sent_or_acknowledged
751,759,738,746,a6d37d37efe1a5d610fc4e659bc41677dec4e88d10b72c861f13ba4be7ea15b3,technical_detail_retained_in_draft_annex,,25,FBR-063,a6d37d37efe1a5d610fc4e659bc41677dec4e88d10b72c861f13ba4be7ea15b3,not_sent_or_acknowledged
761,772,748,759,457dac43ec20492f1bbf19ce5fd20f5af6d29836ed40e33659c25830e11e441f,technical_detail_retained_in_draft_annex,,25,FBR-064,457dac43ec20492f1bbf19ce5fd20f5af6d29836ed40e33659c25830e11e441f,not_sent_or_acknowledged
774,791,761,778,cffbed76ca423f713c69596064f1ce9ef621eef4806100777f7ba3653d36393f,technical_detail_retained_in_draft_annex,,10;18;20;24,FBR-065,cffbed76ca423f713c69596064f1ce9ef621eef4806100777f7ba3653d36393f,not_sent_or_acknowledged
793,803,780,790,e8099b6365ceb71ad11e4f575eb752dcfb7be82810e6207b5e07c05132ab50ef,technical_detail_retained_in_draft_annex,,20,FBR-066,e8099b6365ceb71ad11e4f575eb752dcfb7be82810e6207b5e07c05132ab50ef,not_sent_or_acknowledged
805,820,792,807,ea3a179363289c8eb08eaa0e456ed744d49675441d0b09d58740d32923034ef3,technical_detail_retained_in_draft_annex,,2;4;5,FBR-067,ea3a179363289c8eb08eaa0e456ed744d49675441d0b09d58740d32923034ef3,not_sent_or_acknowledged
822,833,809,820,0505d74bc0e4271705a0f85c0c3c5bb17ee1904b08aa046d20c1eee072f4c5b2,technical_detail_retained_in_draft_annex,,2;8,FBR-068,0505d74bc0e4271705a0f85c0c3c5bb17ee1904b08aa046d20c1eee072f4c5b2,not_sent_or_acknowledged
835,845,822,832,69c78b3b8ab7663b1cc6301efe4bc9f2a0e4288a296826702f305c4407105a08,technical_detail_retained_in_draft_annex,,2,FBR-069,69c78b3b8ab7663b1cc6301efe4bc9f2a0e4288a296826702f305c4407105a08,not_sent_or_acknowledged
847,858,834,845,66fb338d18efc12c4f1fcc808f9a60b5aac6f9df4bb55e4f554e61a1d06c7635,technical_detail_retained_in_draft_annex,,2,FBR-070,66fb338d18efc12c4f1fcc808f9a60b5aac6f9df4bb55e4f554e61a1d06c7635,not_sent_or_acknowledged
860,871,847,858,cb9d926ba4fdee12e042675a46e158cdc30b86e054db3c682a515ec210ff672c,technical_detail_retained_in_draft_annex,,2,FBR-071,cb9d926ba4fdee12e042675a46e158cdc30b86e054db3c682a515ec210ff672c,not_sent_or_acknowledged
873,877,860,864,e9d12fbc49895d1464b18133a33a9c47c3263f9928ceaf2a82194cc5763f153f,technical_detail_retained_in_draft_annex,,2,FBR-072,e9d12fbc49895d1464b18133a33a9c47c3263f9928ceaf2a82194cc5763f153f,not_sent_or_acknowledged
879,889,866,876,dbe6214077708fe24173a3268035684e0bcaee988c7f0e537636d23308995e54,technical_detail_retained_in_draft_annex,,2,FBR-073,dbe6214077708fe24173a3268035684e0bcaee988c7f0e537636d23308995e54,not_sent_or_acknowledged
891,897,878,884,0d0651725ad3353ddf50697d31bb6a969e1141ca49b3627dae7b450a93c973be,technical_detail_retained_in_draft_annex,,19,FBR-074,0d0651725ad3353ddf50697d31bb6a969e1141ca49b3627dae7b450a93c973be,not_sent_or_acknowledged
899,911,886,898,8d6b9afed40d4622dfc98b38cc445c0cc38245a447afa43d8118d4bb96da1728,technical_detail_retained_in_draft_annex,,19;20;21,FBR-075,8d6b9afed40d4622dfc98b38cc445c0cc38245a447afa43d8118d4bb96da1728,not_sent_or_acknowledged
913,922,900,909,d9ea471fcb80b9c1ca445a9aa81f2ba2969fb31292d86a9f3741f2edce89e41f,technical_detail_retained_in_draft_annex,,20,FBR-076,d9ea471fcb80b9c1ca445a9aa81f2ba2969fb31292d86a9f3741f2edce89e41f,not_sent_or_acknowledged
924,935,911,922,4f011e59137ca0677323654373baa363dec31dd2a4013bbfd0d95c6ac414fecb,technical_detail_retained_in_draft_annex,,19;20,FBR-077,4f011e59137ca0677323654373baa363dec31dd2a4013bbfd0d95c6ac414fecb,not_sent_or_acknowledged
937,953,924,940,9fde5b0c2ecac96ab125e8a88f6ec57e70ba628083838eeaaa2a7be6449bd4e8,technical_detail_retained_in_draft_annex,,24;26,FBR-078,9fde5b0c2ecac96ab125e8a88f6ec57e70ba628083838eeaaa2a7be6449bd4e8,not_sent_or_acknowledged
955,971,942,958,d51fc73f9d4ab84943655b271e256eaa69335f843c5da7e9b91ef9b25a060ea5,technical_detail_retained_in_draft_annex,,18;19;20,FBR-079,d51fc73f9d4ab84943655b271e256eaa69335f843c5da7e9b91ef9b25a060ea5,not_sent_or_acknowledged
973,983,960,970,5d60bc065c99ac2b471fc7d7c624252b80c81a5f9b27369fae9088ae267700b4,technical_detail_retained_in_draft_annex,,5;18;23,FBR-080,5d60bc065c99ac2b471fc7d7c624252b80c81a5f9b27369fae9088ae267700b4,not_sent_or_acknowledged
985,993,972,980,dee1ba71eeed105e8d743d3dbb760ce65cc425ace6d377996338dac903eee239,technical_detail_retained_in_draft_annex,,22,FBR-081,dee1ba71eeed105e8d743d3dbb760ce65cc425ace6d377996338dac903eee239,not_sent_or_acknowledged
995,1004,982,991,554c5db66ab1bf8113cdda2ed629300ec51a165d6c3e9073970a06bffeaee7ee,technical_detail_retained_in_draft_annex,,4;8,FBR-082,554c5db66ab1bf8113cdda2ed629300ec51a165d6c3e9073970a06bffeaee7ee,not_sent_or_acknowledged
1006,1013,993,1000,f34b3852a27151a5850527283a6280bcab57b4b10baf689d2f0f9db8448a8961,technical_detail_retained_in_draft_annex,,8,FBR-083,f34b3852a27151a5850527283a6280bcab57b4b10baf689d2f0f9db8448a8961,not_sent_or_acknowledged
1015,1029,1002,1016,264270c6d9e9680fd72fda0c9e9b9cf6f0027730572ee1809bd76d344893d7f0,technical_detail_retained_in_draft_annex,,19;22,FBR-084,264270c6d9e9680fd72fda0c9e9b9cf6f0027730572ee1809bd76d344893d7f0,not_sent_or_acknowledged
1031,1042,1018,1029,ac31af7055d5f0a1e23c7aaca5490d1393f0f612c3d475b3d9bc8933e1ec235e,technical_detail_retained_in_draft_annex,,22,FBR-085,ac31af7055d5f0a1e23c7aaca5490d1393f0f612c3d475b3d9bc8933e1ec235e,not_sent_or_acknowledged
1044,1060,1031,1047,4cf8a93af2054dcd77d2de18cc1af07b09cb53132b31a8904aaf90e72e371298,technical_detail_retained_in_draft_annex,,18;20,FBR-086,4cf8a93af2054dcd77d2de18cc1af07b09cb53132b31a8904aaf90e72e371298,not_sent_or_acknowledged
1062,1074,1049,1061,1dd707311fc82ea2f523eded61fbdef32a5b1ca85ea2d5e4843ec024067b1f86,technical_detail_retained_in_draft_annex,,13;20,FBR-087,1dd707311fc82ea2f523eded61fbdef32a5b1ca85ea2d5e4843ec024067b1f86,not_sent_or_acknowledged
1076,1094,1063,1081,8f4252129d014d014432889958703bb8d4e2ca891f8ac245895d7b034a9a1cc8,technical_detail_retained_in_draft_annex,,7,FBR-088,8f4252129d014d014432889958703bb8d4e2ca891f8ac245895d7b034a9a1cc8,not_sent_or_acknowledged
1096,1106,1083,1093,db201dd4746ceab2062cbd90bf8a7919b858292f1d53995b355c79c4fde0ca0c,technical_detail_retained_in_draft_annex,,7,FBR-089,db201dd4746ceab2062cbd90bf8a7919b858292f1d53995b355c79c4fde0ca0c,not_sent_or_acknowledged
1108,1136,1095,1123,143c0e017d6327817c65d1cdd8696ce41c53e0dee8ff1a9dc6a54738673d20f5,technical_detail_retained_in_draft_annex,,8;10,FBR-090,143c0e017d6327817c65d1cdd8696ce41c53e0dee8ff1a9dc6a54738673d20f5,not_sent_or_acknowledged
1138,1150,1125,1137,a93ac955e12d5c2ac4dc7123643876159801d4a5bc339242533219231bc7cb7b,technical_detail_retained_in_draft_annex,,8,FBR-091,a93ac955e12d5c2ac4dc7123643876159801d4a5bc339242533219231bc7cb7b,not_sent_or_acknowledged
1152,1167,1139,1154,24e67ce5f835ddc7b93f51e1f8179389a5006943f7a65997c2f3e331c40dede8,technical_detail_retained_in_draft_annex,,27,FBR-092,24e67ce5f835ddc7b93f51e1f8179389a5006943f7a65997c2f3e331c40dede8,not_sent_or_acknowledged
1169,1173,1156,1160,6f3404e772936cf5bc627bb128b8b6aaaeff96a97dc65c8acba844f87d704c5c,technical_detail_retained_in_draft_annex,,27,FBR-093,6f3404e772936cf5bc627bb128b8b6aaaeff96a97dc65c8acba844f87d704c5c,not_sent_or_acknowledged
1175,1182,1162,1169,6907c6ad6cab664a607679cbee77f8e30b5b0ff609b85a145237354a58e28292,technical_detail_retained_in_draft_annex,,27,FBR-094,6907c6ad6cab664a607679cbee77f8e30b5b0ff609b85a145237354a58e28292,not_sent_or_acknowledged
1184,1196,1171,1183,8db477deab09eca3b31d61679235545e745530030fe65080f71d188600100ed2,technical_detail_retained_in_draft_annex,,27,FBR-095,8db477deab09eca3b31d61679235545e745530030fe65080f71d188600100ed2,not_sent_or_acknowledged
1198,1215,1185,1202,cfc284c8335d879b6d53f86a431cf3db83864ef5ecdacb7445fbe8fe12ad6d86,technical_detail_retained_in_draft_annex,,10,FBR-096,cfc284c8335d879b6d53f86a431cf3db83864ef5ecdacb7445fbe8fe12ad6d86,not_sent_or_acknowledged
1217,1229,1204,1216,a930a576556884f22de2a6b78dc7ca6eb93c696fd52a745ba87119f8592f52b1,technical_detail_retained_in_draft_annex,,10;18,FBR-097,a930a576556884f22de2a6b78dc7ca6eb93c696fd52a745ba87119f8592f52b1,not_sent_or_acknowledged
1231,1242,1218,1229,84145150b21de86733c2fdf3fcc373f659f4d8215e18484a1e01cda89624304d,technical_detail_retained_in_draft_annex,,8,FBR-098,84145150b21de86733c2fdf3fcc373f659f4d8215e18484a1e01cda89624304d,not_sent_or_acknowledged
1244,1250,1231,1237,feaa6a51d35a227384ff820382dca9682649b2117ab543aa9888d55c53aae1ea,technical_detail_retained_in_draft_annex,,8,FBR-099,feaa6a51d35a227384ff820382dca9682649b2117ab543aa9888d55c53aae1ea,not_sent_or_acknowledged
1252,1263,1239,1250,1dff7cdf2244bcaeab26899f20dd355436c50a953097df0aa6b18a648c151eef,technical_detail_retained_in_draft_annex,,8;27,FBR-100,1dff7cdf2244bcaeab26899f20dd355436c50a953097df0aa6b18a648c151eef,not_sent_or_acknowledged
1265,1281,1252,1268,fbd733529531671425f73da012222a4204b081c3c3b7913441d88327516dba2c,technical_detail_retained_in_draft_annex,,11,FBR-101,fbd733529531671425f73da012222a4204b081c3c3b7913441d88327516dba2c,not_sent_or_acknowledged
1283,1288,1270,1275,5066d450bcc603aa28a86062feea001b0ebf85618939d67f9e89e1d50f9d2463,technical_detail_retained_in_draft_annex,,11,FBR-102,5066d450bcc603aa28a86062feea001b0ebf85618939d67f9e89e1d50f9d2463,not_sent_or_acknowledged
1290,1302,1277,1289,95d8232502907d462c6f5b8e6183f2f8814a65c1f49cb7cfdd56c1fcb432cc64,technical_detail_retained_in_draft_annex,,11,FBR-103,95d8232502907d462c6f5b8e6183f2f8814a65c1f49cb7cfdd56c1fcb432cc64,not_sent_or_acknowledged
1304,1320,1291,1307,0e6b384ca77db72647e461a326841c01fe1f1c9207c76d28160dfb0cc9d9fbb6,technical_detail_retained_in_draft_annex,,11,FBR-104,0e6b384ca77db72647e461a326841c01fe1f1c9207c76d28160dfb0cc9d9fbb6,not_sent_or_acknowledged
1322,1342,1309,1329,e6367eb1e9d2fd99e4a68bbae7066ca0f0a58912ab0dbcc7b1dfee4fdc873927,technical_detail_retained_in_draft_annex,,14;27,FBR-105,e6367eb1e9d2fd99e4a68bbae7066ca0f0a58912ab0dbcc7b1dfee4fdc873927,not_sent_or_acknowledged
1344,1357,1331,1344,3db3bf281fd99751f4fe44444cc3645f61467eca648cac1ad82d5489f04d0f3c,technical_detail_retained_in_draft_annex,,7;8;27,FBR-106,3db3bf281fd99751f4fe44444cc3645f61467eca648cac1ad82d5489f04d0f3c,not_sent_or_acknowledged
1359,1363,1346,1350,8680fe145d1450c85278cfb1abbb68581e083b81e3b9cfe0fb0f994bbe682066,technical_detail_retained_in_draft_annex,,7,FBR-107,8680fe145d1450c85278cfb1abbb68581e083b81e3b9cfe0fb0f994bbe682066,not_sent_or_acknowledged
1365,1372,1352,1359,c75595687e3ebcf03b6b235f85adcb0599ba687d47a3cbdfc1cbd18d5674abde,technical_detail_retained_in_draft_annex,,5;6,FBR-108,c75595687e3ebcf03b6b235f85adcb0599ba687d47a3cbdfc1cbd18d5674abde,not_sent_or_acknowledged
1374,1389,1361,1376,20be5a00191950c083766e8e2605878f43915f2d6c5a02a25f2a7384210c0983,technical_detail_retained_in_draft_annex,,10;14,FBR-109,20be5a00191950c083766e8e2605878f43915f2d6c5a02a25f2a7384210c0983,not_sent_or_acknowledged
1391,1403,1378,1390,3c02f5af98ea6e8cf75f3dadde29915848a0336027dec0345d5274bde06adea2,technical_detail_retained_in_draft_annex,,1;14,FBR-110,3c02f5af98ea6e8cf75f3dadde29915848a0336027dec0345d5274bde06adea2,not_sent_or_acknowledged
1405,1428,1392,1415,4b120d5746140ce65ed791a307b9a9c0e35c3cf450cfc794966904caf5d6715c,technical_detail_retained_in_draft_annex,,6;27,FBR-111,4b120d5746140ce65ed791a307b9a9c0e35c3cf450cfc794966904caf5d6715c,not_sent_or_acknowledged
1430,1440,1417,1427,422544cc46fa3c2c6f4ee547548e8e493925b872998edb24be6984dca10cfab8,technical_detail_retained_in_draft_annex,,1;4;7,FBR-112,422544cc46fa3c2c6f4ee547548e8e493925b872998edb24be6984dca10cfab8,not_sent_or_acknowledged
1442,1447,1429,1434,db4efdd3d8bb3f3f484abb4aa6e687a4341b7501ab7abb21a2d7af1a83b8ea0f,technical_detail_retained_in_draft_annex,,4,FBR-113,db4efdd3d8bb3f3f484abb4aa6e687a4341b7501ab7abb21a2d7af1a83b8ea0f,not_sent_or_acknowledged
1449,1462,1436,1449,e00673134748b469b1b2c7836c5d0cde5cba17bf3fd1b1a8c92e5e16b8ddad67,technical_detail_retained_in_draft_annex,,1;3;4,FBR-114,e00673134748b469b1b2c7836c5d0cde5cba17bf3fd1b1a8c92e5e16b8ddad67,not_sent_or_acknowledged
1464,1474,1451,1461,a074dd5cfa1ff7659e3e72cf20208ab59c6460894f46482fef08935ce393ca8a,technical_detail_retained_in_draft_annex,,1;3,FBR-115,a074dd5cfa1ff7659e3e72cf20208ab59c6460894f46482fef08935ce393ca8a,not_sent_or_acknowledged
1476,1490,1463,1477,978dcb44473b0d2e6de7a83fdbadf27bc4cca5004ed44a86b0c31ba7946c56c9,technical_detail_retained_in_draft_annex,,4;8,FBR-116,978dcb44473b0d2e6de7a83fdbadf27bc4cca5004ed44a86b0c31ba7946c56c9,not_sent_or_acknowledged
1492,1505,1479,1492,4700bd83e035d8f1843a1c09c9597a1dbc26d46b49e70576c3cd7b478d472dc7,technical_detail_retained_in_draft_annex,,1;2;3,FBR-117,4700bd83e035d8f1843a1c09c9597a1dbc26d46b49e70576c3cd7b478d472dc7,not_sent_or_acknowledged
1507,1517,1494,1504,891a5fea146b83d5d5fd0ada2b15d5b78bd282071fd7616d42fb90f38d011929,technical_detail_retained_in_draft_annex,,2;3,FBR-118,891a5fea146b83d5d5fd0ada2b15d5b78bd282071fd7616d42fb90f38d011929,not_sent_or_acknowledged
1519,1529,1506,1516,7b99ecb68552acf636416df28f7e57011711a1f06543bca0a1f462ea94a4b060,technical_detail_retained_in_draft_annex,,2;3,FBR-119,7b99ecb68552acf636416df28f7e57011711a1f06543bca0a1f462ea94a4b060,not_sent_or_acknowledged
1531,1542,1518,1529,020270795f176f6aed41f1235cc1f0d7b3951f54aab708b910aab793d98fe896,technical_detail_retained_in_draft_annex,,2;3,FBR-120,020270795f176f6aed41f1235cc1f0d7b3951f54aab708b910aab793d98fe896,not_sent_or_acknowledged
1544,1558,1531,1545,f825a9ba89c83dea7be5739cf9a569f6b8a2fcabc41590dace1471035f05bf53,technical_detail_retained_in_draft_annex,,10;14;15,FBR-121,f825a9ba89c83dea7be5739cf9a569f6b8a2fcabc41590dace1471035f05bf53,not_sent_or_acknowledged
1560,1578,1547,1565,1bcb0db92e343f120f34f1a30cb0ba4eee5588f57fadc07e928b937b813c209f,technical_detail_retained_in_draft_annex,,1;3;4;8,FBR-122,1bcb0db92e343f120f34f1a30cb0ba4eee5588f57fadc07e928b937b813c209f,not_sent_or_acknowledged
1580,1596,1567,1583,0efee79bdca187df5f455dce1160f0e5b8b1951d38a0c21426bb4f20b8000a7a,technical_detail_retained_in_draft_annex,,8;10;14,FBR-123,0efee79bdca187df5f455dce1160f0e5b8b1951d38a0c21426bb4f20b8000a7a,not_sent_or_acknowledged
1598,1612,1585,1599,f94ec3386d4d04ee6bfbcc8dc10ff51ce8baa5c7e0ea6805975f80e15aa33302,technical_detail_retained_in_draft_annex,,12;14;21,FBR-124,f94ec3386d4d04ee6bfbcc8dc10ff51ce8baa5c7e0ea6805975f80e15aa33302,not_sent_or_acknowledged
1614,1633,1601,1620,27380e7eb81b440422970b101edbc6413e4ab557540223544e0131d9c8f77f90,technical_detail_retained_in_draft_annex,,15;16;21,FBR-125,27380e7eb81b440422970b101edbc6413e4ab557540223544e0131d9c8f77f90,not_sent_or_acknowledged
1635,1647,1622,1634,327c87a0a149cdf762d49649eadf61c184ae03760dd30458a69df6e09832b126,technical_detail_retained_in_draft_annex,,16,FBR-126,327c87a0a149cdf762d49649eadf61c184ae03760dd30458a69df6e09832b126,not_sent_or_acknowledged
1649,1663,1636,1650,2e44cbbd5b3a8ee3be884444a766e78a8c1b92af6497dc7d724b7d53aa3c21cc,technical_detail_retained_in_draft_annex,,3;5,FBR-127,2e44cbbd5b3a8ee3be884444a766e78a8c1b92af6497dc7d724b7d53aa3c21cc,not_sent_or_acknowledged
1665,1677,1652,1664,57f1f277a6bb46ad37fa906488023f87b3c68563330de077b01bae3f75b03503,technical_detail_retained_in_draft_annex,,18,FBR-128,57f1f277a6bb46ad37fa906488023f87b3c68563330de077b01bae3f75b03503,not_sent_or_acknowledged
1679,1691,1666,1678,38259f8262957eef4b30f99437d6f3ae241964f3b920ff89aa9e470a780b440c,technical_detail_retained_in_draft_annex,,14;18;21,FBR-129,38259f8262957eef4b30f99437d6f3ae241964f3b920ff89aa9e470a780b440c,not_sent_or_acknowledged
1693,1704,1680,1691,0234e284f7c950823e839ca06571d8ba7c9928d090e2ccb9b5dabc2b008982e6,technical_detail_retained_in_draft_annex,,19;24;26,FBR-130,0234e284f7c950823e839ca06571d8ba7c9928d090e2ccb9b5dabc2b008982e6,not_sent_or_acknowledged
1706,1717,1693,1704,5760ee5950fc0916b0ceedc5fdca8e3830dfb33c5071f5879cbd514278e6076d,technical_detail_retained_in_draft_annex,,6;19;21;24,FBR-131,5760ee5950fc0916b0ceedc5fdca8e3830dfb33c5071f5879cbd514278e6076d,not_sent_or_acknowledged
1719,1736,1706,1723,bac073996fe7308889af8e00c23c7bbef265b1834fb95445b757e6e05b35d1d1,technical_detail_retained_in_draft_annex,,5;6;23,FBR-132,bac073996fe7308889af8e00c23c7bbef265b1834fb95445b757e6e05b35d1d1,not_sent_or_acknowledged
1738,1752,1725,1739,013da5538ffa3553eab134f2d6b2c901bd36b550ce401bb8ba44eb2092cd8b39,technical_detail_retained_in_draft_annex,,18,FBR-133,013da5538ffa3553eab134f2d6b2c901bd36b550ce401bb8ba44eb2092cd8b39,not_sent_or_acknowledged
1754,1772,1741,1759,fa12ca1eeff1c903ebb76d077befd350421529fe08f9598d3758948236096632,technical_detail_retained_in_draft_annex,,5;6;8,FBR-134,fa12ca1eeff1c903ebb76d077befd350421529fe08f9598d3758948236096632,not_sent_or_acknowledged
1774,1791,1761,1778,9e277d56f873a4bf0270795eec8de2f1afd7e0ae165295bd226688fdaf5a81fc,technical_detail_retained_in_draft_annex,,19;20;23,FBR-135,9e277d56f873a4bf0270795eec8de2f1afd7e0ae165295bd226688fdaf5a81fc,not_sent_or_acknowledged
1793,1793,1780,1780,414a8243a694fa1db98f0a0abea592ce1a3ac681acdc8ad3daf2880cc8602eaa,technical_detail_retained_in_draft_annex,,4;19;22,FBR-136,414a8243a694fa1db98f0a0abea592ce1a3ac681acdc8ad3daf2880cc8602eaa,not_sent_or_acknowledged
1795,1795,1782,1782,d0df797793882a844ab6828d095932e2b6188d039c5d1a7cebb17527201bbd31,technical_detail_retained_in_draft_annex,,19;22,FBR-137,d0df797793882a844ab6828d095932e2b6188d039c5d1a7cebb17527201bbd31,not_sent_or_acknowledged
1797,1797,1784,1784,7e95659060e38bdf7c6ef6ab9c33f312ed816683b9d169c0655aa73cb91f2c25,technical_detail_retained_in_draft_annex,,3;21;22,FBR-138,7e95659060e38bdf7c6ef6ab9c33f312ed816683b9d169c0655aa73cb91f2c25,not_sent_or_acknowledged
1799,1799,1786,1786,d2a81324a67abf19fc01975daf84ea34837428eebc2c0aaa08783431f5438ead,technical_detail_retained_in_draft_annex,,5;6;19,FBR-139,d2a81324a67abf19fc01975daf84ea34837428eebc2c0aaa08783431f5438ead,not_sent_or_acknowledged
1801,1801,1788,1788,bd78db4181a60c6e68173c1f43eb95354b6e51329c5a904a2611085faab9fec4,technical_detail_retained_in_draft_annex,,18;19,FBR-140,bd78db4181a60c6e68173c1f43eb95354b6e51329c5a904a2611085faab9fec4,not_sent_or_acknowledged
1803,1813,1790,1800,737f3848e5d30b109d9bc600f84abcbcf863461ccf0f901bf1cf47d82a3a5569,technical_detail_retained_in_draft_annex,,11;19;27,FBR-141,737f3848e5d30b109d9bc600f84abcbcf863461ccf0f901bf1cf47d82a3a5569,not_sent_or_acknowledged
1815,1827,1802,1814,e1387e7da0f0e0b107929ca0673d357e0045828ac113634d6ea99d6121797e49,technical_detail_retained_in_draft_annex,,12;22;23,FBR-142,e1387e7da0f0e0b107929ca0673d357e0045828ac113634d6ea99d6121797e49,not_sent_or_acknowledged
1829,1841,1816,1828,17761c74286705b3557b1530d30cae047be6cfeebba73da1f0c11bd0c2d658ac,technical_detail_retained_in_draft_annex,,11;12,FBR-143,17761c74286705b3557b1530d30cae047be6cfeebba73da1f0c11bd0c2d658ac,not_sent_or_acknowledged
1843,1850,1830,1837,a374d867849ef4a0ce6143376da62d1039e4494700b400cb5cb24e60faf5a9ef,technical_detail_retained_in_draft_annex,,3;12;14,FBR-144,a374d867849ef4a0ce6143376da62d1039e4494700b400cb5cb24e60faf5a9ef,not_sent_or_acknowledged
1852,1859,1839,1846,5c4e5f6082ddcedfe077a2b69e0cc5997390524769d454b54d09238a22ee421c,technical_detail_retained_in_draft_annex,,12;14,FBR-145,5c4e5f6082ddcedfe077a2b69e0cc5997390524769d454b54d09238a22ee421c,not_sent_or_acknowledged
1861,1861,1848,1848,f44ee4bc27f5d2604934f38063dcb31eeb9e83d5d801e1f78ea1457c9105b844,not_retransmitted,resolved_SFB001_preserve_do_not_reopen,"",,,
1863,1863,1850,1850,7e8d86d8338ef6d14ea01ce7885875bddf8184ee168c7d2a0043cf5ed82c5e4b,not_retransmitted,resolved_SFB001_preserve_do_not_reopen,"",,,
1865,1865,1852,1852,887df823bad397ea0e67053c1fe0b6f74451f1ef7c24e1e44fe9647e29d1b01d,not_retransmitted,resolved_SFB001_preserve_do_not_reopen,"",,,
1867,1867,1854,1854,bff16bf9ed3050ca38dd06f712c0e83d37f3038f88d2d935a8d9bf92bb8bcc9e,not_retransmitted,resolved_SFB001_preserve_do_not_reopen,"",,,
1869,1869,1856,1856,9f00ac55284a31e5689aa5e7499f92e60f9406fd35eddbdc8d1c0593b297ea38,not_retransmitted,resolved_SFB001_preserve_do_not_reopen,"",,,
1871,1871,1858,1858,b1908000a9bcbd3eaf1c1dd006ca7503b9df307cbd0ff0ec2f8359c925ac9059,not_retransmitted,resolved_SFB001_preserve_do_not_reopen,"",,,
1873,1873,1860,1860,0b667709a8a2417237e05676590adc82853348e08988a9af91822332d2469682,not_retransmitted,resolved_SFB001_preserve_do_not_reopen,"",,,
1875,1875,1862,1862,67c0e2faf1b1e77532bf5a1f45a3401c8f55f311e5af8b079f8aeb6b8bc90f1b,not_retransmitted,section_heading,"",,,
1877,1887,1864,1874,40038b626ac5f692796ca8d47e3285e758ac1cd7cca7f26efc1a2577bb5d4f89,technical_detail_retained_in_draft_annex,,17;23,FBR-146,40038b626ac5f692796ca8d47e3285e758ac1cd7cca7f26efc1a2577bb5d4f89,not_sent_or_acknowledged
1889,1903,1876,1890,52f7407798d942a14fd33ec20d5837f78e786ee086a321bee9a7ba25434589bd,technical_detail_retained_in_draft_annex,,1;17;23,FBR-147,52f7407798d942a14fd33ec20d5837f78e786ee086a321bee9a7ba25434589bd,not_sent_or_acknowledged
1905,1919,1892,1906,60f5dadbd546d8955927911d6b7019948a40d8ca164d70dc8f152df05a53897e,technical_detail_retained_in_draft_annex,,8;15,FBR-148,60f5dadbd546d8955927911d6b7019948a40d8ca164d70dc8f152df05a53897e,not_sent_or_acknowledged
1921,1931,1908,1918,8d08f0ff5467e55f951ec7b6121a6fd5784c9b9b3a05ae94f3aa3307ab1c9c8f,technical_detail_retained_in_draft_annex,,15;22,FBR-149,8d08f0ff5467e55f951ec7b6121a6fd5784c9b9b3a05ae94f3aa3307ab1c9c8f,not_sent_or_acknowledged
1933,1943,1920,1930,162b3626d923b8b3fd33d0f5d38647b723c9e46addc717806a14fbdcdc23bc72,technical_detail_retained_in_draft_annex,,15,FBR-150,162b3626d923b8b3fd33d0f5d38647b723c9e46addc717806a14fbdcdc23bc72,not_sent_or_acknowledged
1945,1957,1932,1944,59c49d772a9b7abef2fb5d403a172e1a321dc6094056970cb98368fccdf4d5ef,technical_detail_retained_in_draft_annex,,14;20;21,FBR-151,59c49d772a9b7abef2fb5d403a172e1a321dc6094056970cb98368fccdf4d5ef,not_sent_or_acknowledged
1959,1965,1946,1952,6717be727ece00f298622449bd8c4e42f5561a0a7d03e23e2788781cc26271ec,technical_detail_retained_in_draft_annex,,2;23,FBR-152,6717be727ece00f298622449bd8c4e42f5561a0a7d03e23e2788781cc26271ec,not_sent_or_acknowledged
1967,1977,1954,1964,87b97b783df5d8a0132b135e71f91e839b3621aad270eb10f14a13a59800d20a,technical_detail_retained_in_draft_annex,,5;9,FBR-153,87b97b783df5d8a0132b135e71f91e839b3621aad270eb10f14a13a59800d20a,not_sent_or_acknowledged
1979,1985,1966,1972,7e0aab1d4933bfed67393f052af4e1e348e4042db7eb24e7e65d69f6a50cc5b1,technical_detail_retained_in_draft_annex,,9,FBR-154,7e0aab1d4933bfed67393f052af4e1e348e4042db7eb24e7e65d69f6a50cc5b1,not_sent_or_acknowledged
1987,1998,1974,1985,a0c4a5bdcce391b6605c81723577c063477e43f17939e0becb51a9d100c1897a,technical_detail_retained_in_draft_annex,,8;23,FBR-155,a0c4a5bdcce391b6605c81723577c063477e43f17939e0becb51a9d100c1897a,not_sent_or_acknowledged
2000,2009,1987,1996,45952444fa0cef81ffbe8dc644b5f0a64c9b912add5bd8015073f9f461a92e4b,technical_detail_retained_in_draft_annex,,8;9;23,FBR-156,45952444fa0cef81ffbe8dc644b5f0a64c9b912add5bd8015073f9f461a92e4b,not_sent_or_acknowledged
2011,2022,1998,2009,3188348317e165bbcc1008e1d5d40c805cf5f73dc34fa60a5c0489fe1e63abe9,technical_detail_retained_in_draft_annex,,16,FBR-157,3188348317e165bbcc1008e1d5d40c805cf5f73dc34fa60a5c0489fe1e63abe9,not_sent_or_acknowledged
2024,2034,2011,2021,47c4571f09ac2dcb0a27c0bcefe7b68ad49b51c46bac4dc89a3a73db5ec6e1b4,technical_detail_retained_in_draft_annex,,16;19;21,FBR-158,47c4571f09ac2dcb0a27c0bcefe7b68ad49b51c46bac4dc89a3a73db5ec6e1b4,not_sent_or_acknowledged
2036,2040,2023,2027,835df5ab6ed12f7a55abf104c6854491919b010de87f265fb4885649648da018,technical_detail_retained_in_draft_annex,,10;21,FBR-159,835df5ab6ed12f7a55abf104c6854491919b010de87f265fb4885649648da018,not_sent_or_acknowledged
2042,2053,2029,2040,6dcab23c0bb16e666aad94edf41ced0f3734a2b47185e3e10f34d5d21acafd12,technical_detail_retained_in_draft_annex,,10;14;21,FBR-160,6dcab23c0bb16e666aad94edf41ced0f3734a2b47185e3e10f34d5d21acafd12,not_sent_or_acknowledged
2055,2066,2042,2053,05255b39a55b50ed0a6f690ff8558d404bd9319b7fcb744613b15bc3c3124db8,technical_detail_retained_in_draft_annex,,12;14;21,FBR-161,05255b39a55b50ed0a6f690ff8558d404bd9319b7fcb744613b15bc3c3124db8,not_sent_or_acknowledged
2068,2080,2055,2067,61db856b8b909eda4542d10065791e7507af0b7d9b3762f43a864e8a3f91ca4c,technical_detail_retained_in_draft_annex,,14;18,FBR-162,61db856b8b909eda4542d10065791e7507af0b7d9b3762f43a864e8a3f91ca4c,not_sent_or_acknowledged
2082,2100,2069,2087,160365dbf1ff7a47f5ff240bc870ec776c085c085a85d5fc63cf37e80f0f1c32,technical_detail_retained_in_draft_annex,,9;15;16;21,FBR-163,160365dbf1ff7a47f5ff240bc870ec776c085c085a85d5fc63cf37e80f0f1c32,not_sent_or_acknowledged
2102,2115,2089,2102,3674bc9ff24b7774244671efe8fdd756177f181d163bd40e8624877541139ac4,technical_detail_retained_in_draft_annex,,16;23,FBR-164,3674bc9ff24b7774244671efe8fdd756177f181d163bd40e8624877541139ac4,not_sent_or_acknowledged
2117,2124,2104,2111,f8b232f28870b12023710fc69aa65dd9f2f489a1a6d8086c3950c469f0237cdb,technical_detail_retained_in_draft_annex,,15;16;21,FBR-165,f8b232f28870b12023710fc69aa65dd9f2f489a1a6d8086c3950c469f0237cdb,not_sent_or_acknowledged
2126,2139,2113,2126,c54ed39cc2a798ba742e0c1933d2eb61939796b5a4a285b6b692bb8259d396c4,technical_detail_retained_in_draft_annex,,16,FBR-166,c54ed39cc2a798ba742e0c1933d2eb61939796b5a4a285b6b692bb8259d396c4,not_sent_or_acknowledged
2141,2141,2128,2128,f4da909a6aa20d5714863b1fd8dde1a5e0cf1e9177b0a4c7d666efd6fad7f681,not_retransmitted,capability_or_status_not_a_new_requirement,"",,,
2143,2143,2130,2130,2d11da456b6bb1e6ac31d1edf007ec4bc90e8e8b809400f8bd9201917560ef9f,not_retransmitted,capability_or_status_not_a_new_requirement,"",,,
2145,2145,2132,2132,9293aca8f62fa761db6c7adb84340315c06a561e78d741be1116f4c85ebfd657,technical_detail_retained_in_draft_annex,,14;15;17;26,FBR-167,9293aca8f62fa761db6c7adb84340315c06a561e78d741be1116f4c85ebfd657,not_sent_or_acknowledged
2147,2147,2134,2134,0266eb098ef16184cc1d7015ee23d4879d073a6408adfdfbdaf8c3286c2dbdbb,technical_detail_retained_in_draft_annex,,14;15;17,FBR-168,0266eb098ef16184cc1d7015ee23d4879d073a6408adfdfbdaf8c3286c2dbdbb,not_sent_or_acknowledged
2149,2149,2136,2136,e03331130929d07efffed10a02a1a54de42d572682d4a0b1727876e68bf05006,technical_detail_retained_in_draft_annex,,14;15;17,FBR-169,e03331130929d07efffed10a02a1a54de42d572682d4a0b1727876e68bf05006,not_sent_or_acknowledged
2151,2151,2138,2138,51a20539d8824544f59508a7a6101cfb9701a63837078fb1ba83e5113430a2fe,technical_detail_retained_in_draft_annex,,8;15;23,FBR-170,51a20539d8824544f59508a7a6101cfb9701a63837078fb1ba83e5113430a2fe,not_sent_or_acknowledged
2153,2153,2140,2140,d81313ddcd41266f61325f6a3ad99e71506bbbc3f27473e691f275890972764e,technical_detail_retained_in_draft_annex,,14;17,FBR-171,d81313ddcd41266f61325f6a3ad99e71506bbbc3f27473e691f275890972764e,not_sent_or_acknowledged
2155,2166,2142,2153,aae6d4459d81ac9879fd462a19c3fe10eb0c11f8558192d8c2fc2a58d548afc4,technical_detail_retained_in_draft_annex,,17;23,FBR-172,aae6d4459d81ac9879fd462a19c3fe10eb0c11f8558192d8c2fc2a58d548afc4,not_sent_or_acknowledged
2168,2168,2155,2155,cd8d9d2fbad40ce52a6d0481266e27840732c9da71cc638db465e137dbcf4a4c,technical_detail_retained_in_draft_annex,,14;15;27,FBR-173,cd8d9d2fbad40ce52a6d0481266e27840732c9da71cc638db465e137dbcf4a4c,not_sent_or_acknowledged
2170,2182,2157,2169,8facb569d0e7d6877539512321cc990d2129112e5352d04b7d8622a4c6805b95,technical_detail_retained_in_draft_annex,,12;14,FBR-174,8facb569d0e7d6877539512321cc990d2129112e5352d04b7d8622a4c6805b95,not_sent_or_acknowledged
2184,2192,2171,2179,19568619906cd4b776a870925221191e6185b96a913b2b68617417d7a2a907c6,technical_detail_retained_in_draft_annex,,14,FBR-175,19568619906cd4b776a870925221191e6185b96a913b2b68617417d7a2a907c6,not_sent_or_acknowledged
2194,2204,2181,2191,7ca93f602e5545f96bf1501ba5db07ef6bec885d16537fcfb96c7b9582d62dde,technical_detail_retained_in_draft_annex,,10;12;14,FBR-176,7ca93f602e5545f96bf1501ba5db07ef6bec885d16537fcfb96c7b9582d62dde,not_sent_or_acknowledged
2206,2215,2193,2202,84260dd708aebe4a632b72e73187b9f9db3b38cfff9f0985f4ed56e6f15171a6,technical_detail_retained_in_draft_annex,,12;14,FBR-177,84260dd708aebe4a632b72e73187b9f9db3b38cfff9f0985f4ed56e6f15171a6,not_sent_or_acknowledged
2217,2225,2204,2212,873f92687a882776c261cbdeef9ce98adcf9f5f89851ee6407848ad9478c15d9,technical_detail_retained_in_draft_annex,,15;27,FBR-178,873f92687a882776c261cbdeef9ce98adcf9f5f89851ee6407848ad9478c15d9,not_sent_or_acknowledged
2227,2227,2214,2214,9e5edf4ab850b77b6acd34325a2f0898e67ded16549af8f77bab5765442700b1,technical_detail_retained_in_draft_annex,,8;14;23,FBR-179,9e5edf4ab850b77b6acd34325a2f0898e67ded16549af8f77bab5765442700b1,not_sent_or_acknowledged
2229,2229,2216,2216,4856ba7ab12e90abb9766c5be1454dff498f12cdd0a57c7193828a7a17f39e07,technical_detail_retained_in_draft_annex,,14;16;18,FBR-180,4856ba7ab12e90abb9766c5be1454dff498f12cdd0a57c7193828a7a17f39e07,not_sent_or_acknowledged
2231,2231,2218,2218,c54e37ff93566b6e0282b9f1de0ad3debdfb8376cee21dbd0223f99fe36aa450,technical_detail_retained_in_draft_annex,,8;14;15,FBR-181,c54e37ff93566b6e0282b9f1de0ad3debdfb8376cee21dbd0223f99fe36aa450,not_sent_or_acknowledged
2233,2233,2220,2220,0c50592350cf406517942cbd1ef635051077e32992b976e537270bafcc45a098,technical_detail_retained_in_draft_annex,,14;16;21,FBR-182,0c50592350cf406517942cbd1ef635051077e32992b976e537270bafcc45a098,not_sent_or_acknowledged
2235,2235,2222,2222,b455bb19a64fd547267f78a0f9d9b6314889ca339c84d88ffb3455cc6039f242,technical_detail_retained_in_draft_annex,,6;18;23,FBR-183,b455bb19a64fd547267f78a0f9d9b6314889ca339c84d88ffb3455cc6039f242,not_sent_or_acknowledged
2237,2237,2224,2224,fed5e0eef860d194fed23036a88036419dc892d3c344f7e6a8d2fa56aa498f92,technical_detail_retained_in_draft_annex,,12;14;18,FBR-184,fed5e0eef860d194fed23036a88036419dc892d3c344f7e6a8d2fa56aa498f92,not_sent_or_acknowledged
2239,2239,2226,2226,3a18d85ef15e8eb811c47167eb0b287cda606cc21e843a0b46962404053cc29a,technical_detail_retained_in_draft_annex,,14;15;19;21,FBR-185,3a18d85ef15e8eb811c47167eb0b287cda606cc21e843a0b46962404053cc29a,not_sent_or_acknowledged
2241,2241,2228,2228,4b913aeb5eac403a7852bf7c61a5e642be0c525e49385ea20866507122d74a11,technical_detail_retained_in_draft_annex,,14;16;21,FBR-186,4b913aeb5eac403a7852bf7c61a5e642be0c525e49385ea20866507122d74a11,not_sent_or_acknowledged
2243,2243,2230,2230,c2f3d27eae09c18d87c9166814d2d17f91d009d4247d46a79d338001937978ef,technical_detail_retained_in_draft_annex,,5;14;15,FBR-187,c2f3d27eae09c18d87c9166814d2d17f91d009d4247d46a79d338001937978ef,not_sent_or_acknowledged
2245,2245,2232,2232,6d502787263de23424ab9518e71477ccb63ca3ca552a32382bcefbfa703c8cff,technical_detail_retained_in_draft_annex,,8;12;14;18,FBR-188,6d502787263de23424ab9518e71477ccb63ca3ca552a32382bcefbfa703c8cff,not_sent_or_acknowledged
2247,2247,2234,2234,23269f2e12539ff0176dd330397cdc07d803b76666f0d33643533d490c23bb05,technical_detail_retained_in_draft_annex,,12;14;18;23,FBR-189,23269f2e12539ff0176dd330397cdc07d803b76666f0d33643533d490c23bb05,not_sent_or_acknowledged
2249,2249,2236,2236,2eb245c11f8a879455e2e756e2d4fda8fec8ad207700852b623db3587c0edc74,not_retransmitted,section_heading,"",,,
2251,2251,2238,2238,bd234809edfcc50094851b2f7f779ef26ab0788e9e4cadc95bcfbf68ed2c7be6,not_retransmitted,capability_or_status_not_a_new_requirement,"",,,
2253,2253,2240,2240,0fd9a726cded6b6fb3af78429a12b00fa777320ff11d7e390f25587e3d6e6f20,technical_detail_retained_in_draft_annex,,26,FBR-190,0fd9a726cded6b6fb3af78429a12b00fa777320ff11d7e390f25587e3d6e6f20,not_sent_or_acknowledged
2255,2255,2242,2242,5d4ffb6a0af985f248e1826d12c5d46a15a91d28255804650b2475d84b5bbdd0,technical_detail_retained_in_draft_annex,,26,FBR-191,5d4ffb6a0af985f248e1826d12c5d46a15a91d28255804650b2475d84b5bbdd0,not_sent_or_acknowledged
2257,2257,2244,2244,ceae67d03965463f7d1a967f7d0145534a898e408802e3a53ebe0c8725551c87,technical_detail_retained_in_draft_annex,,26,FBR-192,ceae67d03965463f7d1a967f7d0145534a898e408802e3a53ebe0c8725551c87,not_sent_or_acknowledged
2259,2259,2246,2246,86d597c82b37e40dd783a7574df920a230f73ab36f03e2cb78b4c8c5395c710c,not_retransmitted,section_heading,"",,,
2261,2261,2248,2248,ed246fb5841f84f490b2dcf4e269dcc31704f4a960edc2760f8120718d51053c,technical_detail_retained_in_draft_annex,,16;23,FBR-193,ed246fb5841f84f490b2dcf4e269dcc31704f4a960edc2760f8120718d51053c,not_sent_or_acknowledged
2263,2263,2250,2250,9ce3b30d1949331e0bb7ac5e24ee143e0fd03363102d6d298029f8151d780b3d,technical_detail_retained_in_draft_annex,,8;23,FBR-194,9ce3b30d1949331e0bb7ac5e24ee143e0fd03363102d6d298029f8151d780b3d,not_sent_or_acknowledged
2265,2265,2252,2252,8a0b5aaaa3294f1f68d737e5d74fcdfc3b20e70c5c2c8c4dfb1e4ea90a650cdb,not_retransmitted,section_heading,"",,,
2267,2267,2254,2254,74d1098e30c0a17ed2aa46c464140d2a6d66c1d09010b7aa1d4b214ad4c5faa3,technical_detail_retained_in_draft_annex,,1;2,FBR-195,74d1098e30c0a17ed2aa46c464140d2a6d66c1d09010b7aa1d4b214ad4c5faa3,not_sent_or_acknowledged
2269,2269,2256,2256,9c24b03c342afa3710687da906716d25b91650b01ff51e197b5e90339334c1e5,technical_detail_retained_in_draft_annex,,10;19;22,FBR-196,9c24b03c342afa3710687da906716d25b91650b01ff51e197b5e90339334c1e5,not_sent_or_acknowledged
2271,2271,2258,2258,e3ce9ad29166fb629de7a4fe52e0541268d016dbc24164e7bdf0a13bb112a3e8,technical_detail_retained_in_draft_annex,,6;19,FBR-197,e3ce9ad29166fb629de7a4fe52e0541268d016dbc24164e7bdf0a13bb112a3e8,not_sent_or_acknowledged
2273,2273,2260,2260,fdb3aead1548818159ef12ecdfb2fe5ac8feb9eb6584b741e30a9d6adc21a4e8,technical_detail_retained_in_draft_annex,,6;15;19,FBR-198,fdb3aead1548818159ef12ecdfb2fe5ac8feb9eb6584b741e30a9d6adc21a4e8,not_sent_or_acknowledged
2275,2275,2262,2262,daf349da88b47f7a16e848d4e0a8ce743225f171e9ccc50d4f8c4ceb1ab38659,technical_detail_retained_in_draft_annex,,23,FBR-199,daf349da88b47f7a16e848d4e0a8ce743225f171e9ccc50d4f8c4ceb1ab38659,not_sent_or_acknowledged
2277,2277,2264,2264,983e93b42349634040d5085cfcf01538f442a8b1f6e5b5f58bd89b7d5e533a1c,technical_detail_retained_in_draft_annex,,4;5;6;19,FBR-200,983e93b42349634040d5085cfcf01538f442a8b1f6e5b5f58bd89b7d5e533a1c,not_sent_or_acknowledged
2279,2279,2266,2266,ee91594e4fdd98e458418be186fe719498ff3dffe862cb37110d7b016748e121,not_retransmitted,capability_or_status_not_a_new_requirement,"",,,
2281,2281,2268,2268,2f362a3e7097e9f1eb3f3d6c2007ea895a0a3b24c7c034fc9f96629ab7f12677,technical_detail_retained_in_draft_annex,,19;21;22,FBR-201,2f362a3e7097e9f1eb3f3d6c2007ea895a0a3b24c7c034fc9f96629ab7f12677,not_sent_or_acknowledged
2283,2283,2270,2270,b1c9dd045cd4ba57e2a95d2b86fe8d8ff65bfd39fbe3e46d79473ffcb50e012f,technical_detail_retained_in_draft_annex,,19;21;22,FBR-202,b1c9dd045cd4ba57e2a95d2b86fe8d8ff65bfd39fbe3e46d79473ffcb50e012f,not_sent_or_acknowledged
2285,2285,2272,2272,b5bf24043ab169da4a517494fb4f87df960fdb84e29cd10f2df49363d9c20f32,technical_detail_retained_in_draft_annex,,19;21;22,FBR-203,b5bf24043ab169da4a517494fb4f87df960fdb84e29cd10f2df49363d9c20f32,not_sent_or_acknowledged
2287,2287,2274,2274,8ef18a9be169ed34dc019f69960f57a6c3354e2a9c1991b209caf6324fdb3bce,not_retransmitted,administrative_or_delivery_history,"",,,
2289,2303,2276,2290,7fd40a3f7d968b32b00732aa53138214cd6df68d8602bea09146e2a04602acb3,technical_detail_retained_in_draft_annex,,12;18;21,FBR-204,7fd40a3f7d968b32b00732aa53138214cd6df68d8602bea09146e2a04602acb3,not_sent_or_acknowledged
2305,2320,2292,2307,f9855f9ee42adfe18daa2693c410d4b109906bfc137cdaba8301689f37023886,technical_detail_retained_in_draft_annex,,12;14;21,FBR-205,f9855f9ee42adfe18daa2693c410d4b109906bfc137cdaba8301689f37023886,not_sent_or_acknowledged
2322,2322,2309,2309,b748fafea5ddd0460dca0a9f1c5ff1b4a5fe9930a578fa56489c76d62e6e509d,not_retransmitted,section_heading,"",,,
2324,2324,2311,2311,e96fedc41ae167b7fcda2a06202cd7873a7b1b2140d8422dba3781fefc428ee7,not_retransmitted,administrative_or_delivery_history,"",,,
2326,2331,2313,2318,82355c3a9c9df310d250ef886c9a2c73a08d00ec7593536f45e56ddef2fac1bf,technical_detail_retained_in_draft_annex,,7;14;15;22,FBR-206,4ae2a80e717b216f783379250b12dc57baeef855eabfd167e513dfd6b958e08c,not_sent_or_acknowledged
2333,2333,2320,2320,f8302220a813d5c751b6d7cc236e9afa0ee42590514080ac9000551980df1054,not_retransmitted,administrative_or_delivery_history,"",,,
2335,2335,2322,2322,a4b922dde075e5d5310b388363067dc042e5cdb69084960b238cf19c81b9bf0f,technical_detail_retained_in_draft_annex,,19;20,FBR-207,a4b922dde075e5d5310b388363067dc042e5cdb69084960b238cf19c81b9bf0f,not_sent_or_acknowledged
2337,2337,2324,2324,b6c9f7b4a438b44981156581f62043f6419651cace438f6505956ce8ec4062e2,technical_detail_retained_in_draft_annex,,1;3;19;21,FBR-208,b6c9f7b4a438b44981156581f62043f6419651cace438f6505956ce8ec4062e2,not_sent_or_acknowledged
2339,2339,2326,2326,bf22869572938d78ef528f410025ed150e9794bebd27a4d91dda892d110f38a9,not_retransmitted,administrative_or_delivery_history,"",,,
2341,2343,2328,2330,21569cbbe9283c2ba604384e00719ec53bed882362511742f5e3112aec20f41b,technical_detail_retained_in_draft_annex,,1;3;19;22,FBR-209,21569cbbe9283c2ba604384e00719ec53bed882362511742f5e3112aec20f41b,not_sent_or_acknowledged
2345,2345,2332,2332,ecebd8afd87f8a15eb68e20d71ace2b60908135254abb2cbaab20bdcb5f99c47,not_retransmitted,administrative_or_delivery_history,"",,,
2347,2347,2334,2334,8191072f0a245a925d73385f9cf9cc1128f54be5dc196051dc19fe32d44097e7,not_retransmitted,administrative_or_delivery_history,"",,,
2349,2351,2336,2338,59deec4cd6df60a091b41695f2eea960ab39300e9ffc8b2d0e405e3b2b07edf2,technical_detail_retained_in_draft_annex,,3;19;20;25,FBR-210,ac1be476835c8d8788c80f1619649b9a6b356615475bea7422c3e14bf740b5df,not_sent_or_acknowledged
2353,2353,2340,2340,707048d84a93c2a5b26f9dbc2f624e02f270e9f940faf62aef73cdf2b436035b,not_retransmitted,administrative_or_delivery_history,"",,,
2355,2355,2342,2342,edf4f99966a128e2ed800f0ddcefcdc9b7a4f0d8973fa5be73e8e719a00de13a,technical_detail_retained_in_draft_annex,,12;21;27,FBR-211,e53c798df8ac8352ccaaa59fcbd0453e1b2bc8e95be46872e56aac534eaafe75,not_sent_or_acknowledged
2357,2357,2344,2344,899edd8c820cc23decf395d1c9e27ef0de2b5452d3ec6e95b464e1f67cee2579,technical_detail_retained_in_draft_annex,,8;15;16,FBR-212,612c3a56eb6ff48c33c2f869f7bbd768473532e0d2657ba0f7ae92cc5e5a00d0,not_sent_or_acknowledged
2359,2359,2346,2346,3009ba0fece87bef00341cb36dfa0a19a0a2ca7254e15a89e7f0f5075c5a79a0,not_retransmitted,administrative_or_delivery_history,"",,,
2361,2361,2348,2348,c64fbea26a125c768271a69094779e70a67e74ca08180a2aaa484b3eaf3ceddb,technical_detail_retained_in_draft_annex,,14;15,FBR-213,54439ab05e15316c6600b9d41e852fa3a2ddc83720bbb86b8cae30726d153e06,not_sent_or_acknowledged
2363,2363,2350,2350,3e13551df34c3d5026e53e2a26581464ab5e3aa9ed8b2c966d8272369e56c646,not_retransmitted,administrative_or_delivery_history,"",,,
2365,2365,2352,2352,cb1e14eecd4d0bdd44dff5501b99012393859f8209c3c07387bbeefd5612ddb0,not_retransmitted,administrative_or_delivery_history,"",,,
2367,2367,2354,2354,9300a1be11e4e9e767e9ac5a371d7f184290f489d3148a7b614611014b4c7470,not_retransmitted,section_heading,"",,,
2369,2381,2356,2368,dd26c965df73e2ee3be30eb1e1ab41efa787bb858a84370c9875bc0477a8a1d8,technical_detail_retained_in_draft_annex,,6;9,FBR-214,dd26c965df73e2ee3be30eb1e1ab41efa787bb858a84370c9875bc0477a8a1d8,not_sent_or_acknowledged
2383,2393,2370,2380,41c0f11fcd981986421d30fba35357a49ccb9ab31291b1c9be6ac4970259f6b4,technical_detail_retained_in_draft_annex,,9,FBR-215,41c0f11fcd981986421d30fba35357a49ccb9ab31291b1c9be6ac4970259f6b4,not_sent_or_acknowledged
2395,2395,2382,2382,386b726202e619a5beee1500835ba367ca23cd516d00315d6c20c654044d2df7,not_retransmitted,capability_or_status_not_a_new_requirement,"",,,
2397,2397,2384,2384,f53036c5546013cc67705017caf3db8a53cda118f24b5bbeb8cc6951c0f5863b,technical_detail_retained_in_draft_annex,,1;6;19;23,FBR-216,f53036c5546013cc67705017caf3db8a53cda118f24b5bbeb8cc6951c0f5863b,not_sent_or_acknowledged
2399,2399,2386,2386,53cfe8e703b40574971c96973591d6975df532554fe33678ede1226944747b5a,technical_detail_retained_in_draft_annex,,1;6;23,FBR-217,53cfe8e703b40574971c96973591d6975df532554fe33678ede1226944747b5a,not_sent_or_acknowledged
2401,2401,2388,2388,95e468e1797fc0628d07cb6f806651e9b6af0281ea7e89b61504c32c397ce8c1,technical_detail_retained_in_draft_annex,,1;6;23,FBR-218,95e468e1797fc0628d07cb6f806651e9b6af0281ea7e89b61504c32c397ce8c1,not_sent_or_acknowledged
2403,2403,2390,2390,2533c6311c713b4be5491b3818a77e1ecc1bcccd1780c1ef24e2d74790781608,technical_detail_retained_in_draft_annex,,5;15,FBR-219,2533c6311c713b4be5491b3818a77e1ecc1bcccd1780c1ef24e2d74790781608,not_sent_or_acknowledged
2405,2420,2392,2407,44590635f53a17dab189420d7bf7b857d17b3d5f42fabf987f9b41aed7c52285,technical_detail_retained_in_draft_annex,,8;15,FBR-220,44590635f53a17dab189420d7bf7b857d17b3d5f42fabf987f9b41aed7c52285,not_sent_or_acknowledged
2422,2435,2409,2422,77c05c8af283d9462a0da2ae22a2ff6c0e4a3cfdfb946d2b73599e4fad689e40,technical_detail_retained_in_draft_annex,,15,FBR-221,77c05c8af283d9462a0da2ae22a2ff6c0e4a3cfdfb946d2b73599e4fad689e40,not_sent_or_acknowledged
2437,2445,2424,2432,a35cb4e6126e8fcd2e796fd9c2ec4f74a3b14cda2918f97c7af8afcf7cf5e119,technical_detail_retained_in_draft_annex,,18,FBR-222,a35cb4e6126e8fcd2e796fd9c2ec4f74a3b14cda2918f97c7af8afcf7cf5e119,not_sent_or_acknowledged
2448,2448,2435,2435,d80de4373c2ca84610fb7fc52111610a6c523c17e8fc5310f1bdbee86d871f6d,not_retransmitted,section_heading,"",,,
2450,2450,2437,2437,b583c76baa6172b9cd80834909632bdc5939c7d0a0f44be34f01023777ef025d,not_retransmitted,resolved_SFB001_preserve_do_not_reopen,"",,,
2452,2452,2439,2439,a09dbc631ce23d2644c19923ab8047644e4a7cc35964ffd53e650654e357b03b,not_retransmitted,resolved_SFB001_preserve_do_not_reopen,"",,,
2454,2454,2441,2441,63ef9ffb31fff91456a21784a970e6202cbb1f35497bed47f290a3606acc5990,not_retransmitted,capability_or_status_not_a_new_requirement,"",,,
2456,2456,2443,2443,f06723c855c9ee6c1399a8c930695126fc2fe75ca7472c8e472a6ea5b008f546,not_retransmitted,section_heading,"",,,
2458,2458,2445,2445,5c5e3ace3bbb81b189edae8b4392ca5f1c7cdfbf1f5bac194ac6f00fd82c28a8,technical_detail_retained_in_draft_annex,,22,FBR-223,5c5e3ace3bbb81b189edae8b4392ca5f1c7cdfbf1f5bac194ac6f00fd82c28a8,not_sent_or_acknowledged
2460,2460,2447,2447,94a9dde35442b3e6c4a7a3a2fa3bc474e1c476e4d5e3a62ba40fff6f860d9e6a,not_retransmitted,capability_or_status_not_a_new_requirement,"",,,
2462,2462,2449,2449,370dd0463acbefbb151ae1b58991aff5d5479df39a90a459282e30d814dba6a8,not_retransmitted,capability_or_status_not_a_new_requirement,"",,,
2464,2464,2451,2451,08d423e7c23e5e437e5664879d2d7697defffbe51f2814ee12eb2f0d932be13c,not_retransmitted,capability_or_status_not_a_new_requirement,"",,,
2466,2466,2453,2453,e467dc965bde8c29b138831dfd9075d05293444047aa3898237a2f76b8d923a2,technical_detail_retained_in_draft_annex,,25;26,FBR-224,e467dc965bde8c29b138831dfd9075d05293444047aa3898237a2f76b8d923a2,not_sent_or_acknowledged
2468,2468,2455,2455,3a9eb3e5a122deaacaacbff71367786c15e5b8a150e638f8454532edfd581942,technical_detail_retained_in_draft_annex,,25;26,FBR-225,3a9eb3e5a122deaacaacbff71367786c15e5b8a150e638f8454532edfd581942,not_sent_or_acknowledged
