research_claim,claim,type,evidence,strength_grade,verification_and_assumptions,strongest_alternative,would_change_conclusion
1,"September 23, 2001 memorandum states final results pending",Observed,Section 5 PDF 43-44,A,Original scan visually checked; third-party-host provenance,"Reflects reporting status only, not later completion",A reliable agency original showing different date or text
2,"JRJ13Y inventory identifies E01889035, E01889036, E01889037",Observed,Section 1 PDF 7,A,Original inventory visually checked,Evidence barcodes are not laboratory accession numbers,Agency correction or inconsistent original inventory
3,Four inventory item numbers prove four chemical-positive explosives findings,Interpretation,Section 1 PDF 7; MintPress discussion,E,Unsupported: item descriptions and controls do not state test results,Samples were collected for an examination; controls test contamination,"A specific chemical report with linked samples, outcomes, and controls"
4,July 2003 package directs discontinuation of outstanding Laboratory Division leads,Observed,Section 6 PDF 52-53,A,Original scan visually checked,"Could be administrative closure, completion, or cancellation",Agency original that narrows instruction or identifies different investigation
5,Laboratory testing was completed or cancelled by July 2003,Inference,Section 6 PDF 53,D,Instruction does not identify assay status or conclusion,Lead bookkeeping may differ from actual laboratory workflow,"Laboratory activity/status, result, or cancellation record"
6,"Cited September 17, 19, 21 trace-result pages are the van chemical report",Interpretation,"Section 1 PDF 136; Section 3 PDF 29,92; secondary Substack analysis",E,Visible pages do not establish this; all three scanned citations inspected,Intelligence trace results; redacted attachments cannot be fully identified,Unredacted report demonstrating same sample chemical examination
7,No identifiable final chemical result was located in readable searched collections,Research observation,579-page core; 180-page IRmep set; search and pinpoint review,B,"Established within declared coverage, limited by OCR and redaction","Result could be withheld, omitted, unindexed, or in another file",Locate a linked final result within a covered source or later production
8,The final result has never been publicly released anywhere,Universal negative inference,Absence from searched sources,D,Search does not establish universal nonrelease,A requester may have an unposted production or indexed copy may be missed,Any authenticated release event for this particular result
9,The samples or lab report were destroyed,Inference,"Section 6 PDF 61,89",D,Property intent does not identify samples or certify report destruction,Other personal property was disposed of; records retained separately,Barcode-specific custody/disposition certificate or records-retention destruction record
10,Later logged FOIA requests included and released the chemical report,Inference,FBI logs 2018-2023,D,Logs give title and opened date only,Requests may concern photos or other scope; no responsive production located,"Request text, determination, and production identifying the chemical report"
