file,source_type,source_url,retrieved,pages,sha256,inspection
raw/irmep-0.pdf,FBI production via requester archive,https://www.israellobby.org/UrbanMoving/01162013release_letter.pdf,2026-10-06,3,011c9b55e3701bbb09a0089f68426ddb876702c509edab4d59734d814a07258b,OCR/text search and selected original-page inspection
raw/irmep-1.pdf,FBI production via requester archive,https://www.israellobby.org/UrbanMoving/1169683-001%20---%20303A-NY-C237934-Serial%20325%20---%20Section%201%20%281037758%29.pdf,2026-10-06,6,5714c0f1eab59eab303872321a0576b66b48eafaa544a7035508be4b14f90d2a,OCR/text search and selected original-page inspection
raw/irmep-10.pdf,FBI production via requester archive,https://www.israellobby.org/UrbanMoving/1169683-001%20---%20303C-PH-C91946-Serial%2010%20---%20Section%201%20%281037752%29.pdf,2026-10-06,7,19ecb251d6067d05c52646499c848671e05fe5dfa80c7fef66d5208d0cbd5fe1,OCR/text search and selected original-page inspection
raw/irmep-11.pdf,FBI production via requester archive,https://www.israellobby.org/UrbanMoving/1169683-001%20---%20303C-PH-C91946-Serial%2018%20---%20Section%201%20%281037776%29.pdf,2026-10-06,4,bc93b724da5219216ef6566fb170bf96e498d8cbd49aa26e8c3f767bed5dc013,OCR/text search and selected original-page inspection
raw/irmep-12.pdf,FBI production via requester archive,https://www.israellobby.org/UrbanMoving/1169683-001%20---%20303C-PH-C91946-Serial%2033%20---%20Section%201%20%281037754%29.pdf,2026-10-06,22,08ff51ec82580c27b754d0261bd46e6f7a725f71a0e8bb85bfb4b7c7aadc9e4b,OCR/text search and selected original-page inspection
raw/irmep-13.pdf,FBI production via requester archive,https://www.israellobby.org/UrbanMoving/1169683-001%20---%20303C-PH-C91946-Serial%20357%20---%20Section%201%20%281037756%29.pdf,2026-10-06,6,3aec2bc93bbea3fc61b74df9b0f5f33087197a577db4003ee092430e438023e0,OCR/text search and selected original-page inspection
raw/irmep-14.pdf,FBI production via requester archive,https://www.israellobby.org/UrbanMoving/1169683-001%20---%20303D-NY-C282820-Serial%20221%20---%20Section%201%20%281037768%29.PDF,2026-10-06,99,2f0e67b4331f9ffc81b1651d745ebf6277ff67dda3d069b6262fc90bf4bf0818,OCR/text search and selected original-page inspection
raw/irmep-2.pdf,FBI production via requester archive,https://www.israellobby.org/UrbanMoving/1169683-001%20---%20303A-NY-C237934-Serial%20326%20---%20Section%201%20%281037759%29.pdf,2026-10-06,4,b3b086a176c853f9f3f099ed43c0af6e88400314c6bf3a655839954ef1215312,OCR/text search and selected original-page inspection
raw/irmep-3.pdf,FBI production via requester archive,https://www.israellobby.org/UrbanMoving/1169683-001%20---%20303A-NY-C237934-Serial%20337%20---%20Section%201%20%281038683%29.pdf,2026-10-06,6,50acf68e125b0a2a5c61ab7a6700048976cf9564c5f7f05929ddbfba758cbc95,OCR/text search and selected original-page inspection
raw/irmep-4.pdf,FBI production via requester archive,https://www.israellobby.org/UrbanMoving/1169683-001%20---%20303A-NY-C237934-Serial%20338%20---%20Section%201%20%281037761%29.pdf,2026-10-06,4,fb1494a907bebc381dc5725bc826d2332908d41a80a16067ab5337749b307956,OCR/text search and selected original-page inspection
raw/irmep-5.pdf,FBI production via requester archive,https://www.israellobby.org/UrbanMoving/1169683-001%20---%20303A-NY-C237934-Serial%20339%20---%20Section%201%20%281037762%29.pdf,2026-10-06,5,e1507c237519f80ac7455306211cc969b5e6a38b92e2b6250ffa90de8bc87eb1,OCR/text search and selected original-page inspection
raw/irmep-6.pdf,FBI production via requester archive,https://www.israellobby.org/UrbanMoving/1169683-001%20---%20303A-NY-C237934-Serial%20368%20---%20Section%201%20%281037763%29.pdf,2026-10-06,2,9492ef9b29e6ec98dff11b2b053e2a106b0996fddf22e5243b039e53a82ef302,OCR/text search and selected original-page inspection
raw/irmep-7.pdf,FBI production via requester archive,https://www.israellobby.org/UrbanMoving/1169683-001%20---%20303A-NY-C237934-Serial%20459%20---%20Section%201%20%281037765%29.pdf,2026-10-06,2,002d6bdc52a7bcd89219f170c9d8fee2d59921a71cb085a4d608d633bb2dc222,OCR/text search and selected original-page inspection
raw/irmep-8.pdf,FBI production via requester archive,https://www.israellobby.org/UrbanMoving/1169683-001%20---%20303C-PH-C91946-Serial%202%20---%20Section%201%20%281037749%29.pdf,2026-10-06,5,624ff76e9da4872230aa3ca82bc87b39a00fc83124b8adb40dbaaa745d545194,OCR/text search and selected original-page inspection
raw/irmep-9.pdf,FBI production via requester archive,https://www.israellobby.org/UrbanMoving/1169683-001%20---%20303C-PH-C91946-Serial%203%20---%20Section%201%20%281037750%29.pdf,2026-10-06,5,c10144f5a50bf8ad85577639885f75a837cdc1915d96387b3fb75d1c1b08b69e,OCR/text search and selected original-page inspection
raw/nara-2025-0218-f-finding-aid.pdf,NARA official source,https://www.georgewbushlibrary.gov/sites/default/files/2026-05/20250218f-findingaid.pdf,2026-10-06,2,7dd34d5087a9f374517498501a9cb3f061ce8282980f9286a4ec3a51280cc746,OCR/text search and selected original-page inspection
raw/nara-2026-023-notice.pdf,NARA official source,https://www.archives.gov/files/foia/pra-notifications/pdf/bush43/rn-plgwb-2026-023.pdf,2026-10-06,34,008ad63dfc5df8fb3a593381ba6de13e310d2c0d077402f58c8d8f893dc9b9c4,OCR/text search and selected original-page inspection
raw/police.pdf,Police scan via third-party archive,https://archive.org/download/DancingIsraelisFBIReport/police.pdf,2026-10-06,4,534b33bb1b53eeb325ef119e3c797e3c21f769cb75158a2d8a2baef4ae5b833a,OCR/text search and selected original-page inspection
raw/section-1.pdf,FBI scan via third-party archive,https://archive.org/download/DancingIsraelisFBIReport/fbi%20report%20section%201.pdf,2026-10-06,141,e589c01d1dc29f157ae364d4deaac9bce8072937905de6197a2e6548c9f506ea,OCR/text search and selected original-page inspection
raw/section-2.pdf,FBI scan via third-party archive,https://archive.org/download/DancingIsraelisFBIReport/fbi%20report%20section%202.pdf,2026-10-06,87,1183608e716f348f59d71f0cde9074bbbf7fcccdb32aa55dc32c574723ecb3fb,OCR/text search and selected original-page inspection
raw/section-3.pdf,FBI scan via third-party archive,https://archive.org/download/DancingIsraelisFBIReport/fbi%20report%20section%203.pdf,2026-10-06,100,9e7e700c07d5f52d10445080fabd6983062e6e1af108b25baa44b0790a773597,OCR/text search and selected original-page inspection
raw/section-4.pdf,FBI scan via third-party archive,https://archive.org/download/DancingIsraelisFBIReport/fbi%20report%20section%204.pdf,2026-10-06,16,c59522ccb6260ea52e7c365de0c0044ead99faf36ad3e48cf1005ea8e6628c8b,OCR/text search and selected original-page inspection
raw/section-5.pdf,FBI scan via third-party archive,https://archive.org/download/DancingIsraelisFBIReport/fbi%20report%20section%205.pdf,2026-10-06,141,1bd6b9088308778ecef20c40227ed819de14947c65997f40c813c1ccb5fe6cea,OCR/text search and selected original-page inspection
raw/section-6.pdf,FBI scan via third-party archive,https://archive.org/download/DancingIsraelisFBIReport/fbi%20report%20section%206.pdf,2026-10-06,94,d1bbca1211e6750f59c5921a68bb7a9f0a2cf306647ccf81a6c29cbdfe12deed,OCR/text search and selected original-page inspection
derived/section-1-ocr.pdf,FBI scan via third-party archive,https://archive.org/download/DancingIsraelisFBIReport/fbi%20report%20section%201_text.pdf,2026-10-06,141,9edeec2681e0e07ffa5152037923ad1b1dbdcec6e2f7498e416ea160a42e14ea,OCR finding aid
derived/section-2-ocr.pdf,FBI scan via third-party archive,https://archive.org/download/DancingIsraelisFBIReport/fbi%20report%20section%202_text.pdf,2026-10-06,87,5b633a7a5e20206140fbd479b4205c1013c44506efe37e6bee709c25fbd6e715,OCR finding aid
derived/section-3-ocr.pdf,FBI scan via third-party archive,https://archive.org/download/DancingIsraelisFBIReport/fbi%20report%20section%203_text.pdf,2026-10-06,100,358530daae7901834400e3e2ef2a8719c992f6080c5f6edae3d251d969b10db2,OCR finding aid
derived/section-4-ocr.pdf,FBI scan via third-party archive,https://archive.org/download/DancingIsraelisFBIReport/fbi%20report%20section%204_text.pdf,2026-10-06,16,c1142e51601aa8909e9e7ec1898b1f5040064e6a4aa04aaf74b31ddcd4a409f3,OCR finding aid
derived/section-5-ocr.pdf,FBI scan via third-party archive,https://archive.org/download/DancingIsraelisFBIReport/fbi%20report%20section%205_text.pdf,2026-10-06,141,715610059b12d91e00235d0e4bf05f823cbad021e1b4354a00ddb6f0f6a63d56,OCR finding aid
derived/section-6-ocr.pdf,FBI scan via third-party archive,https://archive.org/download/DancingIsraelisFBIReport/fbi%20report%20section%206_text.pdf,2026-10-06,94,c07d7e84b93f9d5257538eb01358a311809d9e5dbc0080a75a36ee9a1dae5ebd,OCR finding aid
