title,source_url,source_type,inspection,retrieved
Six-part release catalogue,https://archive.org/details/DancingIsraelisFBIReport,Third-party archive of primary documents,Full original PDFs and archive metadata acquired,2026-10-06
2013 requester index,https://www.israellobby.org/UrbanMoving/,Requester publication,HTML acquired; 14 unique document PDFs plus letter; six-page link repeated,2026-10-06
MintPress original lead,https://www.mintpressnews.com/newly-released-fbi-docs-shed-light-on-apparent-mossad-foreknowledge-of-9-11-attacks/258581/,Secondary source,Date and pending sentence independently verified against scans; chemical-positive inference unsupported,2026-10-06
Competing result-release claim,https://mischrev.substack.com/p/the-dancing-israelis-and-the-spurious,Secondary source,All three claimed result citations checked against original scans,2026-10-06
2018 FBI log,https://vault.fbi.gov/foia-log-2018-part-01/FOIA%20Log%202018%20Part%2001%20%28Final%29/at_download/file,Official FBI source,Page 23: 1423771-000,2026-10-06
2019 FBI log,https://vault.fbi.gov/foia-log-2019-part-01/FOIA%20Log%202019%20Part%2001%20%28Final%29/at_download/file,Official FBI source,Page 192: 1432694-000; page 38 repeats 2018 request,2026-10-06
2020 FBI log,https://vault.fbi.gov/foia-log-2020-part-01/FOIA%20Log%202020%20Part%2001%20%28Final%29/at_download/file,Official FBI source,Page 234: 1481545-000,2026-10-06
2021 FBI log,https://vault.fbi.gov/foia-log-2021-part-01/FOIA%20Log%202021%20Part%2001%20%28Final%29/at_download/file,Official FBI source,Page 1: 1496355-000,2026-10-06
2022 FBI log,https://vault.fbi.gov/foia-log-2022-part-01/FOIA%20Log%202022%20Part%2001%20%28Final%29/at_download/file,Official FBI source,Page 127: 1568844-000,2026-10-06
2023 FBI log,https://vault.fbi.gov/foia-log-2023/foia-log-2023-part-01/at_download/file,Official FBI source,Pages 90 and 385: 1591512 revisions 000 and 001; page 129 repeats 2022 request,2026-10-06
2019 photo packet preview,https://www.scribd.com/document/409691150/FOIA-Release-of-9-11-Dancing-Israelis-thru-the-FBI,Third-party document preview,Limited text preview; full original not acquired,2026-10-06
2019 photo packet mirror preview,https://pdfcoffee.com/foia-release-of-9-11-dancing-israelis-thru-the-fbi-pdf-free.html,Third-party document preview,Limited text preview; download endpoint returned HTTP 403,2026-10-06
Bush Library electronic-record access,https://www.georgewbushlibrary.gov/research/finding-aids/freedom-information-act-requests/foia-requests-2025,Official NARA source,Finding-aid link followed; underlying electronic assets not acquired,2026-10-06
FBI request guidance,https://www.fbi.gov/how-we-can-help-you/more-fbi-services-and-information/freedom-of-information-privacy-act/requesting-fbi-records,Official FBI source,Current request routes and cross-reference guidance read,2026-10-06
DOJ OIP May 2024 log,https://www.justice.gov/d9/2024-06/99.%20May%202024%20PDF.pdf,Official DOJ source,Search lead: FOIA-2024-01902 Urban Moving Systems withdrawn; no lab-result content established,2026-10-06
