record_id,local_path,display_name,source_page,download_url,remote_file_id,acquired_at,sha256,bytes,container,duration_seconds,video_codec,width,height,nominal_frame_rate,audio_codec,preservation_tier,limitations
VID-WTC7-001,"analysis-source/NIST Camera 2_CBS-Net Dub6 48 (Converted).mov","NIST Camera 2_CBS-Net Dub6 48 (Converted).mov",https://ic911.org/journal/articles/the-instantaneous-free-fall-of-world-trade-center-building-7-and-nists-attempt-to-hide-it/,"https://drive.usercontent.google.com/download?id=1RGWHdqt_PO_Z-KlWhXza0QBq909BEGmC&export=download&confirm=t",1RGWHdqt_PO_Z-KlWhXza0QBq909BEGmC,2026-09-02T15:11:23-0400,84da90a48bdd710faf8b0a60c1a23a0927f22184216a1a631cbd77d4243b6730,208810910,"QuickTime/MOV",268.335002,h264,640,480,30000/1001,pcm_s16le,"preserved analysis-source copy","secondary-hosted; title expressly says Converted; not authenticated as native or complete broadcast master"
VID-WTC7-002,"analysis-source/NIST Camera 3.mp4","NIST Camera 3.mp4",https://ic911.org/journal/articles/the-instantaneous-free-fall-of-world-trade-center-building-7-and-nists-attempt-to-hide-it/,"https://drive.usercontent.google.com/download?id=1wXvPywYMO1BWO6Q9aCkB2fNYQJQo6-JW&export=download&confirm=t",1wXvPywYMO1BWO6Q9aCkB2fNYQJQo6-JW,2026-09-02T15:10:56-0400,0c147549fa51c57686bd506c1d979af23835e72ac777fa30e2f2eb8b15aeb8be,331368,MP4,15.464467,h264,720,480,15/1,aac,"preserved analysis-source copy","secondary-hosted; 15 fps encode; not authenticated as native or complete broadcast master"
VID-WTC7-003,"analysis-source/NIST Camera 4.mp4","NIST Camera 4.mp4",https://ic911.org/journal/articles/the-instantaneous-free-fall-of-world-trade-center-building-7-and-nists-attempt-to-hide-it/,"https://drive.usercontent.google.com/download?id=1niXMKt-ERf2fnneUmLn8yeT5o2Reyzbi&export=download&confirm=t",1niXMKt-ERf2fnneUmLn8yeT5o2Reyzbi,2026-09-02T15:10:48-0400,af5c19dd597ecbe3cafbd163550fcd9c3ee9225d7f7b4f8e7000eb8ffb8232a3,1341523,MP4,47.949206,h264,480,360,30000/1001,aac,"preserved analysis-source copy","secondary-hosted; not authenticated as native or complete broadcast master"
VID-WTC7-004,"broadcast-archive/CNN 2001-09-11 1545-1626 IA 512kb.mp4","CNN September 11 2001 15:45-16:26 archive segment",https://archive.org/details/cnn200109111545-1626,https://archive.org/download/cnn200109111545-1626/V08537-12_512kb.mp4,cnn200109111545-1626,2026-09-02T15:23:26-0400,c0614a1432591c920b5d8bb26990ec2f50b6f27952ce9293b38d199686a0fac3,180164576,MP4,2501.935267,h264,320,240,30000/1001,aac,"preserved archive access copy","Internet Archive 512 kb derivative; not represented as CNN broadcast master; downloaded bytes match the MD5 and SHA-1 published in the Internet Archive item metadata"
VID-WTC7-005,"broadcast-archive/BBC 2001-09-11 1654-1736 IA 512kb.mp4","BBC September 11 2001 16:54-17:36 archive segment",https://archive.org/details/bbc200109111654-1736,https://archive.org/download/bbc200109111654-1736/V08591-16_512kb.mp4,bbc200109111654-1736,2026-09-02T15:25:14-0400,2e4c66dd912b79aa0dbddde683aef7d90b2679055f918a964c4f9757aab8c844,181624272,MP4,2501.901902,h264,320,240,2997/100,aac,"preserved archive access copy","Internet Archive 512 kb derivative; not represented as BBC broadcast master; downloaded bytes match the MD5 and SHA-1 published in the Internet Archive item metadata"
VID-WTC7-006,"compilations/WTC Building 7 Collapse - 27 Angles [cmp7rV2aZhM].f136.mp4","WTC Building 7 Collapse - 27 Angles — format 136 video stream",https://www.youtube.com/watch?v=cmp7rV2aZhM,https://www.youtube.com/watch?v=cmp7rV2aZhM,cmp7rV2aZhM/f136,2026-09-02T15:56:58-0400,1ea6063dac3847ee01969987bcee66991056d85ad61839ec301fb888a4456d87,124393041,MP4,781.300000,h264,1280,720,30/1,none,"preserved platform access copy","video-only YouTube format 136; compilation uploaded 2024-06-20; edits crops and mixed sources; not a native camera record; ephemeral CDN URL is recorded in the associated info JSON"
VID-WTC7-007,"compilations/WTC Building 7 Collapse - 27 Angles [cmp7rV2aZhM].f140.m4a","WTC Building 7 Collapse - 27 Angles — format 140 audio stream",https://www.youtube.com/watch?v=cmp7rV2aZhM,https://www.youtube.com/watch?v=cmp7rV2aZhM,cmp7rV2aZhM/f140,2026-09-02T15:57:01-0400,d8b75d1f861a327a38e73f00b645c511b27734325305cbecd4e18dc20d71558c,12637745,M4A,781.374694,none,,,,aac,"preserved platform access copy","audio-only YouTube format 140; AAC stereo 44.1 kHz; montage includes voiceovers silence and hard edits; no physical microphone calibration; ephemeral CDN URL is recorded in the associated info JSON"
VID-DEM-001,"comparators/explosive/Capital One Tower Implosion [rW_xXcS4y3A].f136.mp4","Capital One Tower Implosion - Lake Charles — format 136 video stream",https://www.youtube.com/watch?v=rW_xXcS4y3A,https://www.youtube.com/watch?v=rW_xXcS4y3A,rW_xXcS4y3A/f136,2026-09-02T16:31:35-0400,8560cd686a18c8fcc16fe802691e0f17f117c713b4cd1862017af24d391ce5a2,4901052,MP4,45.045000,h264,1280,720,30000/1001,none,"preserved comparator access copy","video-only YouTube format 136; uploaded 2024-09-07; single viewpoint; platform encode; official city project materials independently identify the event as a planned implosion"
VID-DEM-002,"comparators/explosive/Capital One Tower Implosion [rW_xXcS4y3A].f140.m4a","Capital One Tower Implosion - Lake Charles — format 140 audio stream",https://www.youtube.com/watch?v=rW_xXcS4y3A,https://www.youtube.com/watch?v=rW_xXcS4y3A,rW_xXcS4y3A/f140,2026-09-02T16:31:36-0400,c6992f04793f46a7326eae28e3f373db21de84cc2ae9c26f89ec430dc1143e7f,730245,M4A,45.093152,none,,,,aac,"preserved comparator access copy","audio-only YouTube format 140; AAC stereo 44.1 kHz; no microphone calibration or custody history; platform mastering prevents source-SPL comparison"
