feature,WTC_7_observation,explosive_implosion,nonexplosive_induced_collapse,mechanical_dismantling,accidental_fire_progressive_collapse,diagnostic_weight,source_notes
known_preparation,"No publicly established demolition preparation; known long fires and debris damage","Extensive survey; nonloadbearing removal; column weakening; charge and delay placement","Strategic cuts/weakening; hydraulic jacks or cable pull","Long visible top-down or sectional work","No demolition preparation; fire damage accumulates",high,"Preparation evidence is cause-specific but absence is harder to prove than presence"
visible_onset,"Interior/roof and window/dust changes precede north-façade descent; lower floors poorly visible","Often charge flashes/debris puffs at selected lower or transfer floors; geometry is designed","Movement starts at weakened/jacked/pulled zone; hinge or collision may be visible","Local bites/cuts and removal; no sudden whole-building onset in ordinary operation","Local sagging buckling or partial collapse may precede terminal progression",medium-high,"NIST NCSTAR 1-9 §§5.7 and 12.5"
roofline_or_facade_motion,"North façade descends coherently for an interval; east edge rotates north; later breakup","Coherent descent folding or directional fall can be designed","Upper block may translate rotate or descend coherently before impact","Not applicable to normal operation","Can be coherent after interior support loss but often shows pronounced staged/asymmetric distress",low-medium,"Morphology is shared by several support-removal mechanisms"
free_fall_interval,"NIST measured about 2.25 s at g over about 32 m for one north-roofline point","Possible after supports on the measured path are removed","Possible before upper block impacts lower structure","Not characteristic","Physically possible if widespread support is already lost",medium,"Free fall constrains net vertical resistance; it does not identify what removed capacity"
horizontal_progression,"Not directly visible internally; NIST best-fit model progresses core failure east-to-west over about 2.6 s","Millisecond-scale charge delays can impose a designed sequence","Seconds-scale fracture and collision sequence after trigger","Slow and directly observable","Can accelerate as load redistribution crosses capacity thresholds",medium,"Do not describe the full event as simultaneous merely from façade motion"
audio,"NIST reviewed three distant obstructed soundtracks and reported no loud blast at onset; the 27 Angles compilation contains explosion testimony and transients but is heterogeneous and edit-prone","Conventional column-cutting charges ordinarily create distinct impulsive reports; the confirmed Hertz control has a rapid broadband impulse train","No blast required; fracture/impact sounds occur","Machinery noise","Fracture and impact sounds",medium-high,"Negative audio evidence weighs against conventional explosives but recording geometry quality provenance synchronization and digital mastering limit certainty"
flashes_or_ejection,"No unambiguous charge flashes established in the reviewed sources; dust appears before and during façade descent","May show flashes and sharp localized ejecta but wrapping dust and occlusion can hide them","Dust and ejecta occur at fracture/collision zones without flashes","Localized dust near equipment","Smoke/dust and pressure-driven window discharge can occur",medium,"Dust puffs alone are low-specificity"
lateral_motion,"NIST estimated northeast roof corner 11 m ± 3 m north of original footprint after about seven stories of descent; later breakup","Direction and containment are engineered but substantial lateral motion and debris spread are common","Upper block commonly tilts or translates","Debris removed in controlled sections","Direction follows asymmetric damage and load path",medium,"Contradicts literal 'perfectly into its own footprint' wording"
dust_cloud,"Large dust cloud obscures late sequence","Expected from floor impacts and pulverized finishes","Expected from impacts","Lower intensity and localized during ordinary work","Expected in complete gravity collapse",low,"Dust is an impact product common to all rapid collapses"
lower_story_visibility,"Poor in most useful WTC 7 views because of foreground buildings smoke and dust","Often deliberately filmed with clear base view","Often clear for engineering documentation","Usually clear","Often partly obscured by smoke emergency activity or adjacent structures",high,"The missing view limits claims about where and how support first vanished"
positive_material_evidence,"No publicly established charge residue cut-column pattern or recovered WTC 7 steel sample tied to the hypothesis","Charge residues wiring cut patterns and preparation records can identify method","Cuts jack pockets cables and preparation records identify method","Tool marks and work records identify method","Fire damage fracture and deformation evidence can discriminate mechanisms",very-high,"Video should be integrated with physical evidence not substituted for it"
video_only_conclusion,"Compatible with rapid widespread support loss; cause underdetermined","Some visual similarity especially verticality rapid onset and dust","Some visual similarity shows explosives are not necessary for implosion-like motion","Poor match to sudden global event","Shows that long fire can culminate abruptly but case morphology varies",low,"Visual resemblance supplies hypotheses not a mechanism diagnosis"
