id,category,title,url_or_repo_path,source_owner,event_or_publication_date,access_date,intended_use,limitations
WTC-01,primary-report,NIST NCSTAR 1A Final Report on the Collapse of WTC 7,../../authority/nist/wtc7/ncstar-1a.pdf,NIST,2008-11,2026-09-02,"official findings; three-stage roofline measurement; model-observation comparison","agency-authored; summary report; not an independent replication"
WTC-02,primary-report,NIST NCSTAR 1-9 Structural Fire Response and Probable Collapse Sequence,../../authority/nist/wtc7/ncstar-1-9.pdf,NIST,2008-11,2026-09-02,"nine-camera method; synchronized observation timeline; audio analysis; lateral displacement","agency-authored; most cameras north of site; lower structure often obscured"
WTC-03,primary-report,NIST NCSTAR 1-9A Global Structural Analysis,../../authority/nist/wtc7/ncstar-1-9a.pdf,NIST,2008-11,2026-09-02,"LS-DYNA handoff; instantaneous damage application; 3.5 h and 4.0 h cases","agency-authored; executable model and some inputs/results not publicly reproducible"
WTC-04,agency-FAQ,NIST WTC 7 Investigation FAQs,https://www.nist.gov/world-trade-center-investigation/study-faqs/wtc-7-investigation,NIST,2011-09-19; updated 2021-09-10,2026-09-02,"agency explanations of free fall; model-video mismatch; blast inquiry; steel availability","FAQ is advocacy/explanation by investigating agency; use report for technical detail"
WTC-05,agency-media,NIST Disaster and Failure Studies Repository,https://www.nist.gov/world-trade-center-investigation/photos-videos-and-simulations,NIST,current archive,2026-09-02,"provenance route for native or near-native photos/video and metadata","tags are incomplete; copyright/ownership must be tracked separately from evidentiary preservation and authentication"
WTC-06,agency-briefing,NIST revised WTC 7 technical briefing,https://www.nist.gov/system/files/documents/2017/05/09/WTC7RevisedTechnicalBriefing_111908.pdf,NIST,2008-11-19,2026-09-02,"contemporaneous explanation of model and video findings","agency presentation; condensed"
WTC-07,qualitative-video,WTC Building 7 Collapse - 27 Angles,https://www.youtube.com/watch?v=cmp7rV2aZhM,CTV911,2024-06-20 upload,2026-09-02,"qualitative cross-angle orientation; audio-source discovery; distinguish spoken explosion accounts from recorded transients","preserved as separate platform video/audio streams; compilation contains edits crops re-encoding voiceovers silent gaps and mixed source audio; not suitable for physical SPL or precise cross-clip timing"
WTC-08,independent-study,A Structural Reevaluation of the Collapse of World Trade Center 7,https://files.wtc7report.org/,University of Alaska Fairbanks,2020-03-25,2026-09-02,"independent challenge; open model/data; imposed failure patterns","funded by Architects & Engineers for 9/11 Truth; not proof of the cause of imposed failures; requires independent technical audit"
WTC-09,peer-reviewed-study,The Collapse of World Trade Center 7: Revisited,https://discovery.ucl.ac.uk/id/eprint/10146056/,UCL / Fire Technology,2022,2026-09-02,"alternative fire-driven mechanism; demonstrates mechanism non-uniqueness","model-based hypothesis; authors state exact cause cannot be known from available evidence"
WTC-10,peer-reviewed-summary,Analysis of Structural Response of WTC 7 to Fire and Sequential Failures Leading to Collapse,https://ascelibrary.org/doi/10.1061/%28ASCE%29ST.1943-541X.0000398,ASCE Journal of Structural Engineering,2012-01,2026-09-02,"peer-reviewed condensed account of NIST structural analysis","journal review is not an independent rerun of withheld executable files"
WTC-11,analysis-reproduction-kit,Camera 2/3/4 files accompanying independent multi-point motion analysis,https://ic911.org/journal/articles/the-instantaneous-free-fall-of-world-trade-center-building-7-and-nists-attempt-to-hide-it/,Chandler; Walter; Szamboti / International Center for 9/11 Justice,2025,2026-09-02,"reproduce and audit multi-point roofline measurements; compare copies against higher-generation sources","secondary-hosted copies attributed to NIST footage; Camera 2 is expressly labeled converted; not authenticated masters; advocacy-affiliated source"
WTC-12,archival-broadcast,CNN September 11 2001 15:45-16:26 archive segment,https://archive.org/details/cnn200109111545-1626,CNN / Internet Archive,2001-09-11,2026-09-02,"preserve and time the pre-collapse CNN reports that WTC 7 had collapsed or was collapsing and later might collapse","512 kb archive derivative; segment start time is an archive label rather than embedded original timecode; not a broadcaster master"
WTC-13,archival-broadcast,BBC September 11 2001 16:54-17:36 archive segment,https://archive.org/details/bbc200109111654-1736,BBC / Internet Archive,2001-09-11,2026-09-02,"preserve and time BBC statements that the Salomon Brothers Building had collapsed before its observed collapse","512 kb archive derivative; segment start time is an archive label rather than embedded original timecode; not a broadcaster master"
WTC-14,official-transcript,CNN breaking-news transcript after WTC 7 collapse,https://transcripts.cnn.com/show/bn/date/2001-09-11/segment/74,CNN,2001-09-11,2026-09-02,"corroborate that police and fire personnel expected collapse and had cleared the area before the event","post-event recollection by a producer; not a contemporaneous official log; does not identify collapse mechanism"
WTC-15,critical-submission,Request for Correction to NIST WTC 7 Report,sources/RFC-to-NIST-WTC7-Report-04-15-20.pdf,Chandler et al.,2020-04-15,2026-09-02,"locate the CNN street-level warning clip and preserve the challengers' transcription and interpretation","preserved from files.wtc7report.org and hashed; advocacy submission; quotation is on p. 59 and cites YouTube ID 3LUC2QaZ9kQ; the 63-second video stream was not obtainable through the unauthenticated downloader; highest-generation uncut copy and independent synchronization remain necessary"
WTC-16,institutional-explanation,Part of the conspiracy?,https://www.bbc.co.uk/blogs/theeditors/2007/02/part_of_the_conspiracy.html,BBC Editors,2007-02,2026-09-02,"BBC's later account of how its premature WTC 7 report arose","retrospective institutional explanation; underlying contemporaneous Reuters wire copy correction and newsroom logs should be obtained"
WTC-17,secondary-video,CNN Footage of WTC 7 Noise and Comments,https://www.youtube.com/watch?v=3LUC2QaZ9kQ,AE911Truth / attributed CNN footage,2020-04-14 upload,2026-09-02,"locate and test audible pre-collapse warning after reported noise","YouTube ID 3LUC2QaZ9kQ; unlisted 63-second secondary upload; metadata retrieved but video stream unavailable to unauthenticated downloader; not preserved or authenticated; uncut broadcaster source required"
WTC-18,source-provenance-index,7 World Trade Center Videos,https://web.archive.org/web/20200701115823/http://www.911conspiracy.tv/7_WTC.html,911conspiracy.tv / archived by Internet Archive,archived 2020-07-01,2026-09-02,"trace source clips and flag versions with different added withheld or missing audio","advocacy page with causal claims not adopted here; preserved HTML is an index of leads rather than authentication; linked media and assertions require independent verification"
DEM-01,official-project,Hertz Tower Demolition FAQs,https://www.cityoflakecharles.com/egov/documents/1724343064_93841.pdf,City of Lake Charles,2024-08-22,2026-09-02,"confirms planned implosion and project facts for a high-rise comparator","does not provide full charge plan or instrument data"
DEM-02,qualitative-video,Capital One Tower Implosion - Lake Charles,https://www.youtube.com/watch?v=rW_xXcS4y3A,Astro95Media,2024-09-07 upload,2026-09-02,"qualitative video-and-audio positive control for an officially identified explosive implosion","separate platform video/audio streams preserved; single viewpoint; no calibrated camera or microphone; not used for source-SPL or precise acceleration"
DEM-03,archival-video,News Clip: Landmark Tower Implosion,https://digital.library.unt.edu/ark:/67531/metadc1388884/,UNT Libraries Special Collections,2006-03-18,2026-09-02,"archival high-rise explosive-implosion comparator","news edit; no charge plan or calibrated motion extraction"
DEM-04,academic-study,Full Scale 13-Story Building Implosion and Collapse,https://digitalcommons.unl.edu/civilengdiss/140/,University of Nebraska-Lincoln,2018,2026-09-02,"documented selected-column charges on alternating floors and progressive collapse","reinforced-concrete dormitories; geometry differs from WTC 7"
DEM-05,official-news,Demolition prep heats up at Cather Pound halls,https://news.unl.edu/article/demolition-prep-heats-up-at-cather-pound-halls,University of Nebraska-Lincoln,2017-06-16,2026-09-02,"documents extensive preparation and mixed demolition methods","institutional news; not an engineering analysis"
DEM-06,qualitative-video,Demolition de la Tour DEF a Vitry-sur-Seine,https://vimeo.com/18740780,Vitry-sur-Seine video uploader,2010-06-23,2026-09-02,"nonexplosive induced-collapse visual comparator","access may be bot-gated; method and camera calibration not established by video page alone"
DEM-07,engineering-case-study,HBI Facility induced and explosive collapse,https://www.appliedscienceint.com/project/hbi-facility/,Applied Science International,2012 project,2026-09-02,"documents strategic weakening plus cable pull as a nonexplosive induced-collapse method","industrial structures differ in height geometry and framing"
ACC-01,peer-reviewed-study,Evaluation of Plasco Building fire-induced progressive collapse,https://www.sciencedirect.com/science/article/pii/S2352012420304471,Case Studies in Construction Materials,2020,2026-09-02,"accidental fire-collapse negative control; structural/video-based scenario testing","16-story Iranian steel building; materially different framing and fire history"
ACC-02,peer-reviewed-study,Structural investigation of the collapse of the 16-story Plasco building due to fire,https://onlinelibrary.wiley.com/doi/10.1002/tal.1815,Structural Design of Tall and Special Buildings,2021,2026-09-02,"staged fire-induced collapse comparator","model-based reconstruction; not a demolition case"
